"FullName","Length","LastWriteTimeUtcTicks"
"C:\Minecraft\HORIZONS_CHUNK_SERVER\Server\world\graveyardGhoulingUUIDmapping.txt","0","639259388436670000"
"C:\Minecraft\HORIZONS_CHUNK_SERVER\Server\world\icon.png","11239","639259388425670000"
"C:\Minecraft\HORIZONS_CHUNK_SERVER\Server\world\level.dat","56032","639259388414670000"
"C:\Minecraft\HORIZONS_CHUNK_SERVER\Server\world\level.dat_old","56024","639259388403670000"
"C:\Minecraft\HORIZONS_CHUNK_SERVER\Server\world\session.lock","3","639259388392670000"
"C:\Minecraft\HORIZONS_CHUNK_SERVER\Server\world\advancements\1fd8dedc-00f8-4992-8f9f-ea91bec552ac.json","3889","639259388590710000"
"C:\Minecraft\HORIZONS_CHUNK_SERVER\Server\world\chunkloaders\active_players.nbt","62","639259388590730000"
"C:\Minecraft\HORIZONS_CHUNK_SERVER\Server\world\data\beansbackpacks.dat","90","639259388568770000"
"C:\Minecraft\HORIZONS_CHUNK_SERVER\Server\world\data\cardinal_world_components.dat","49","639259388557770000"
"C:\Minecraft\HORIZONS_CHUNK_SERVER\Server\world\data\chunkloaders_loaded_chunks.dat","91","639259388546770000"
"C:\Minecraft\HORIZONS_CHUNK_SERVER\Server\world\data\chunks.dat","58","639259388535770000"
"C:\Minecraft\HORIZONS_CHUNK_SERVER\Server\world\data\customportalapi.dat","63","639259388524770000"
"C:\Minecraft\HORIZONS_CHUNK_SERVER\Server\world\data\DistantHorizons.sqlite.old","201814016","639259388513770000"
"C:\Minecraft\HORIZONS_CHUNK_SERVER\Server\world\data\fabricRegistry.dat","1007","639259388502770000"
"C:\Minecraft\HORIZONS_CHUNK_SERVER\Server\world\data\fabricRegistry.dat.1","1007","639259388491770000"
"C:\Minecraft\HORIZONS_CHUNK_SERVER\Server\world\data\fabricRegistry.dat.2","1007","639259388480770000"
"C:\Minecraft\HORIZONS_CHUNK_SERVER\Server\world\data\iceandfire_myrmex.dat","87343","639259388469770000"
"C:\Minecraft\HORIZONS_CHUNK_SERVER\Server\world\data\raids.dat","90","639259388458770000"
"C:\Minecraft\HORIZONS_CHUNK_SERVER\Server\world\data\random_sequences.dat","444","639259388447770000"
"C:\Minecraft\HORIZONS_CHUNK_SERVER\Server\world\data\scoreboard.dat","15942","639259388436770000"
"C:\Minecraft\HORIZONS_CHUNK_SERVER\Server\world\data\surveyor\c.-1.-1.dat","376664","639259388591010000"
"C:\Minecraft\HORIZONS_CHUNK_SERVER\Server\world\data\surveyor\c.-1.-10.dat","171380","639259388580010000"
"C:\Minecraft\HORIZONS_CHUNK_SERVER\Server\world\data\surveyor\c.-1.-2.dat","492772","639259388569010000"
"C:\Minecraft\HORIZONS_CHUNK_SERVER\Server\world\data\surveyor\c.-1.-3.dat","398099","639259388558010000"
"C:\Minecraft\HORIZONS_CHUNK_SERVER\Server\world\data\surveyor\c.-1.-4.dat","495438","639259388547010000"
"C:\Minecraft\HORIZONS_CHUNK_SERVER\Server\world\data\surveyor\c.-1.-5.dat","476473","639259388536010000"
"C:\Minecraft\HORIZONS_CHUNK_SERVER\Server\world\data\surveyor\c.-1.-6.dat","595494","639259388525010000"
"C:\Minecraft\HORIZONS_CHUNK_SERVER\Server\world\data\surveyor\c.-1.-7.dat","194865","639259388514010000"
"C:\Minecraft\HORIZONS_CHUNK_SERVER\Server\world\data\surveyor\c.-1.-8.dat","133953","639259388503010000"
"C:\Minecraft\HORIZONS_CHUNK_SERVER\Server\world\data\surveyor\c.-1.-9.dat","116321","639259388492010000"
"C:\Minecraft\HORIZONS_CHUNK_SERVER\Server\world\data\surveyor\c.-1.0.dat","346186","639259388481010000"
"C:\Minecraft\HORIZONS_CHUNK_SERVER\Server\world\data\surveyor\c.-1.1.dat","519222","639259388470010000"
"C:\Minecraft\HORIZONS_CHUNK_SERVER\Server\world\data\surveyor\c.-1.2.dat","575556","639259388459010000"
"C:\Minecraft\HORIZONS_CHUNK_SERVER\Server\world\data\surveyor\c.-1.3.dat","514146","639259388448010000"
"C:\Minecraft\HORIZONS_CHUNK_SERVER\Server\world\data\surveyor\c.-1.4.dat","530153","639259388437010000"
"C:\Minecraft\HORIZONS_CHUNK_SERVER\Server\world\data\surveyor\c.-1.5.dat","575893","639259388426010000"
"C:\Minecraft\HORIZONS_CHUNK_SERVER\Server\world\data\surveyor\c.-1.6.dat","635577","639259388415010000"
"C:\Minecraft\HORIZONS_CHUNK_SERVER\Server\world\data\surveyor\c.-1.7.dat","528522","639259388404010000"
"C:\Minecraft\HORIZONS_CHUNK_SERVER\Server\world\data\surveyor\c.-1.8.dat","563669","639259388393010000"
"C:\Minecraft\HORIZONS_CHUNK_SERVER\Server\world\data\surveyor\c.-1.9.dat","378209","639259388382010000"
"C:\Minecraft\HORIZONS_CHUNK_SERVER\Server\world\data\surveyor\c.-10.-1.dat","401806","639259388371010000"
"C:\Minecraft\HORIZONS_CHUNK_SERVER\Server\world\data\surveyor\c.-10.-2.dat","364487","639259388360010000"
"C:\Minecraft\HORIZONS_CHUNK_SERVER\Server\world\data\surveyor\c.-10.-3.dat","235005","639259388349010000"
"C:\Minecraft\HORIZONS_CHUNK_SERVER\Server\world\data\surveyor\c.-10.-4.dat","59021","639259388338010000"
"C:\Minecraft\HORIZONS_CHUNK_SERVER\Server\world\data\surveyor\c.-10.0.dat","328605","639259388327010000"
"C:\Minecraft\HORIZONS_CHUNK_SERVER\Server\world\data\surveyor\c.-10.1.dat","112219","639259388316010000"
"C:\Minecraft\HORIZONS_CHUNK_SERVER\Server\world\data\surveyor\c.-10.2.dat","148218","639259388305010000"
"C:\Minecraft\HORIZONS_CHUNK_SERVER\Server\world\data\surveyor\c.-10.3.dat","43527","639259388294010000"
"C:\Minecraft\HORIZONS_CHUNK_SERVER\Server\world\data\surveyor\c.-2.-1.dat","438862","639259388283010000"
"C:\Minecraft\HORIZONS_CHUNK_SERVER\Server\world\data\surveyor\c.-2.-10.dat","180929","639259388272010000"
"C:\Minecraft\HORIZONS_CHUNK_SERVER\Server\world\data\surveyor\c.-2.-2.dat","543131","639259388261010000"
"C:\Minecraft\HORIZONS_CHUNK_SERVER\Server\world\data\surveyor\c.-2.-3.dat","536100","639259388250010000"
"C:\Minecraft\HORIZONS_CHUNK_SERVER\Server\world\data\surveyor\c.-2.-4.dat","614215","639259388239010000"
"C:\Minecraft\HORIZONS_CHUNK_SERVER\Server\world\data\surveyor\c.-2.-5.dat","521958","639259388228010000"
"C:\Minecraft\HORIZONS_CHUNK_SERVER\Server\world\data\surveyor\c.-2.-6.dat","415548","639259388217010000"
"C:\Minecraft\HORIZONS_CHUNK_SERVER\Server\world\data\surveyor\c.-2.-7.dat","127972","639259388206010000"
"C:\Minecraft\HORIZONS_CHUNK_SERVER\Server\world\data\surveyor\c.-2.-8.dat","192034","639259388195010000"
"C:\Minecraft\HORIZONS_CHUNK_SERVER\Server\world\data\surveyor\c.-2.-9.dat","226748","639259388184010000"
"C:\Minecraft\HORIZONS_CHUNK_SERVER\Server\world\data\surveyor\c.-2.0.dat","411038","639259388173010000"
"C:\Minecraft\HORIZONS_CHUNK_SERVER\Server\world\data\surveyor\c.-2.1.dat","426289","639259388162010000"
"C:\Minecraft\HORIZONS_CHUNK_SERVER\Server\world\data\surveyor\c.-2.2.dat","495686","639259388151010000"
"C:\Minecraft\HORIZONS_CHUNK_SERVER\Server\world\data\surveyor\c.-2.3.dat","566998","639259388140010000"
"C:\Minecraft\HORIZONS_CHUNK_SERVER\Server\world\data\surveyor\c.-2.4.dat","510558","639259388129010000"
"C:\Minecraft\HORIZONS_CHUNK_SERVER\Server\world\data\surveyor\c.-2.5.dat","631304","639259388118010000"
"C:\Minecraft\HORIZONS_CHUNK_SERVER\Server\world\data\surveyor\c.-2.6.dat","692614","639259388107010000"
"C:\Minecraft\HORIZONS_CHUNK_SERVER\Server\world\data\surveyor\c.-2.7.dat","524785","639259388096010000"
"C:\Minecraft\HORIZONS_CHUNK_SERVER\Server\world\data\surveyor\c.-2.8.dat","606522","639259388085010000"
"C:\Minecraft\HORIZONS_CHUNK_SERVER\Server\world\data\surveyor\c.-2.9.dat","327808","639259388074010000"
"C:\Minecraft\HORIZONS_CHUNK_SERVER\Server\world\data\surveyor\c.-3.-1.dat","413662","639259388063010000"
"C:\Minecraft\HORIZONS_CHUNK_SERVER\Server\world\data\surveyor\c.-3.-10.dat","72768","639259388052010000"
"C:\Minecraft\HORIZONS_CHUNK_SERVER\Server\world\data\surveyor\c.-3.-2.dat","480780","639259388041010000"
"C:\Minecraft\HORIZONS_CHUNK_SERVER\Server\world\data\surveyor\c.-3.-3.dat","613393","639259388030010000"
"C:\Minecraft\HORIZONS_CHUNK_SERVER\Server\world\data\surveyor\c.-3.-4.dat","670115","639259388019010000"
"C:\Minecraft\HORIZONS_CHUNK_SERVER\Server\world\data\surveyor\c.-3.-5.dat","343653","639259388008010000"
"C:\Minecraft\HORIZONS_CHUNK_SERVER\Server\world\data\surveyor\c.-3.-6.dat","278871","639259387997010000"
"C:\Minecraft\HORIZONS_CHUNK_SERVER\Server\world\data\surveyor\c.-3.-7.dat","202571","639259387986010000"
"C:\Minecraft\HORIZONS_CHUNK_SERVER\Server\world\data\surveyor\c.-3.-8.dat","164907","639259387975010000"
"C:\Minecraft\HORIZONS_CHUNK_SERVER\Server\world\data\surveyor\c.-3.-9.dat","198860","639259387964010000"
"C:\Minecraft\HORIZONS_CHUNK_SERVER\Server\world\data\surveyor\c.-3.0.dat","530767","639259387953010000"
"C:\Minecraft\HORIZONS_CHUNK_SERVER\Server\world\data\surveyor\c.-3.1.dat","388170","639259387942010000"
"C:\Minecraft\HORIZONS_CHUNK_SERVER\Server\world\data\surveyor\c.-3.2.dat","280223","639259387931010000"
"C:\Minecraft\HORIZONS_CHUNK_SERVER\Server\world\data\surveyor\c.-3.3.dat","572153","639259387920010000"
"C:\Minecraft\HORIZONS_CHUNK_SERVER\Server\world\data\surveyor\c.-3.4.dat","516023","639259387909010000"
"C:\Minecraft\HORIZONS_CHUNK_SERVER\Server\world\data\surveyor\c.-3.5.dat","635006","639259387898010000"
"C:\Minecraft\HORIZONS_CHUNK_SERVER\Server\world\data\surveyor\c.-3.6.dat","673772","639259387887010000"
"C:\Minecraft\HORIZONS_CHUNK_SERVER\Server\world\data\surveyor\c.-3.7.dat","516710","639259387876010000"
"C:\Minecraft\HORIZONS_CHUNK_SERVER\Server\world\data\surveyor\c.-3.8.dat","522487","639259387865010000"
"C:\Minecraft\HORIZONS_CHUNK_SERVER\Server\world\data\surveyor\c.-3.9.dat","163819","639259387854010000"
"C:\Minecraft\HORIZONS_CHUNK_SERVER\Server\world\data\surveyor\c.-4.-1.dat","315575","639259387843010000"
"C:\Minecraft\HORIZONS_CHUNK_SERVER\Server\world\data\surveyor\c.-4.-10.dat","22409","639259387832010000"
"C:\Minecraft\HORIZONS_CHUNK_SERVER\Server\world\data\surveyor\c.-4.-2.dat","367763","639259387821010000"
"C:\Minecraft\HORIZONS_CHUNK_SERVER\Server\world\data\surveyor\c.-4.-3.dat","421958","639259387810010000"
"C:\Minecraft\HORIZONS_CHUNK_SERVER\Server\world\data\surveyor\c.-4.-4.dat","432500","639259387799010000"
"C:\Minecraft\HORIZONS_CHUNK_SERVER\Server\world\data\surveyor\c.-4.-5.dat","292367","639259387788010000"
"C:\Minecraft\HORIZONS_CHUNK_SERVER\Server\world\data\surveyor\c.-4.-6.dat","305773","639259387777010000"
"C:\Minecraft\HORIZONS_CHUNK_SERVER\Server\world\data\surveyor\c.-4.-7.dat","226695","639259387766010000"
"C:\Minecraft\HORIZONS_CHUNK_SERVER\Server\world\data\surveyor\c.-4.-8.dat","133244","639259387755010000"
"C:\Minecraft\HORIZONS_CHUNK_SERVER\Server\world\data\surveyor\c.-4.-9.dat","159130","639259387744010000"
"C:\Minecraft\HORIZONS_CHUNK_SERVER\Server\world\data\surveyor\c.-4.0.dat","240436","639259387733010000"
"C:\Minecraft\HORIZONS_CHUNK_SERVER\Server\world\data\surveyor\c.-4.1.dat","201527","639259387722010000"
"C:\Minecraft\HORIZONS_CHUNK_SERVER\Server\world\data\surveyor\c.-4.2.dat","241527","639259387711010000"
"C:\Minecraft\HORIZONS_CHUNK_SERVER\Server\world\data\surveyor\c.-4.3.dat","531389","639259387700010000"
"C:\Minecraft\HORIZONS_CHUNK_SERVER\Server\world\data\surveyor\c.-4.4.dat","491850","639259387689010000"
"C:\Minecraft\HORIZONS_CHUNK_SERVER\Server\world\data\surveyor\c.-4.5.dat","644840","639259387678010000"
"C:\Minecraft\HORIZONS_CHUNK_SERVER\Server\world\data\surveyor\c.-4.6.dat","683091","639259387667010000"
"C:\Minecraft\HORIZONS_CHUNK_SERVER\Server\world\data\surveyor\c.-4.7.dat","463190","639259387656010000"
"C:\Minecraft\HORIZONS_CHUNK_SERVER\Server\world\data\surveyor\c.-4.8.dat","187692","639259387645010000"
"C:\Minecraft\HORIZONS_CHUNK_SERVER\Server\world\data\surveyor\c.-4.9.dat","17761","639259387634010000"
"C:\Minecraft\HORIZONS_CHUNK_SERVER\Server\world\data\surveyor\c.-5.-1.dat","386283","639259387623010000"
"C:\Minecraft\HORIZONS_CHUNK_SERVER\Server\world\data\surveyor\c.-5.-2.dat","402634","639259387612010000"
"C:\Minecraft\HORIZONS_CHUNK_SERVER\Server\world\data\surveyor\c.-5.-3.dat","266000","639259387601010000"
"C:\Minecraft\HORIZONS_CHUNK_SERVER\Server\world\data\surveyor\c.-5.-4.dat","323125","639259387590010000"
"C:\Minecraft\HORIZONS_CHUNK_SERVER\Server\world\data\surveyor\c.-5.-5.dat","303758","639259387579010000"
"C:\Minecraft\HORIZONS_CHUNK_SERVER\Server\world\data\surveyor\c.-5.-6.dat","503744","639259387568010000"
"C:\Minecraft\HORIZONS_CHUNK_SERVER\Server\world\data\surveyor\c.-5.-7.dat","228218","639259387557010000"
"C:\Minecraft\HORIZONS_CHUNK_SERVER\Server\world\data\surveyor\c.-5.-8.dat","179146","639259387546010000"
"C:\Minecraft\HORIZONS_CHUNK_SERVER\Server\world\data\surveyor\c.-5.-9.dat","91989","639259387535010000"
"C:\Minecraft\HORIZONS_CHUNK_SERVER\Server\world\data\surveyor\c.-5.0.dat","346094","639259387524010000"
"C:\Minecraft\HORIZONS_CHUNK_SERVER\Server\world\data\surveyor\c.-5.1.dat","367623","639259387513010000"
"C:\Minecraft\HORIZONS_CHUNK_SERVER\Server\world\data\surveyor\c.-5.2.dat","262869","639259387502010000"
"C:\Minecraft\HORIZONS_CHUNK_SERVER\Server\world\data\surveyor\c.-5.3.dat","455707","639259387491010000"
"C:\Minecraft\HORIZONS_CHUNK_SERVER\Server\world\data\surveyor\c.-5.4.dat","509662","639259387480010000"
"C:\Minecraft\HORIZONS_CHUNK_SERVER\Server\world\data\surveyor\c.-5.5.dat","515945","639259387469010000"
"C:\Minecraft\HORIZONS_CHUNK_SERVER\Server\world\data\surveyor\c.-5.6.dat","347115","639259387458010000"
"C:\Minecraft\HORIZONS_CHUNK_SERVER\Server\world\data\surveyor\c.-5.7.dat","265280","639259387447010000"
"C:\Minecraft\HORIZONS_CHUNK_SERVER\Server\world\data\surveyor\c.-5.8.dat","123535","639259387436010000"
"C:\Minecraft\HORIZONS_CHUNK_SERVER\Server\world\data\surveyor\c.-6.-1.dat","514916","639259387425010000"
"C:\Minecraft\HORIZONS_CHUNK_SERVER\Server\world\data\surveyor\c.-6.-2.dat","386429","639259387414010000"
"C:\Minecraft\HORIZONS_CHUNK_SERVER\Server\world\data\surveyor\c.-6.-3.dat","301313","639259387403010000"
"C:\Minecraft\HORIZONS_CHUNK_SERVER\Server\world\data\surveyor\c.-6.-4.dat","331223","639259387392010000"
"C:\Minecraft\HORIZONS_CHUNK_SERVER\Server\world\data\surveyor\c.-6.-5.dat","520229","639259387381010000"
"C:\Minecraft\HORIZONS_CHUNK_SERVER\Server\world\data\surveyor\c.-6.-6.dat","639481","639259387370010000"
"C:\Minecraft\HORIZONS_CHUNK_SERVER\Server\world\data\surveyor\c.-6.-7.dat","532625","639259387359010000"
"C:\Minecraft\HORIZONS_CHUNK_SERVER\Server\world\data\surveyor\c.-6.-8.dat","179587","639259387348010000"
"C:\Minecraft\HORIZONS_CHUNK_SERVER\Server\world\data\surveyor\c.-6.-9.dat","17988","639259387337010000"
"C:\Minecraft\HORIZONS_CHUNK_SERVER\Server\world\data\surveyor\c.-6.0.dat","490970","639259387326010000"
"C:\Minecraft\HORIZONS_CHUNK_SERVER\Server\world\data\surveyor\c.-6.1.dat","603019","639259387315010000"
"C:\Minecraft\HORIZONS_CHUNK_SERVER\Server\world\data\surveyor\c.-6.2.dat","677165","639259387304010000"
"C:\Minecraft\HORIZONS_CHUNK_SERVER\Server\world\data\surveyor\c.-6.3.dat","713775","639259387293010000"
"C:\Minecraft\HORIZONS_CHUNK_SERVER\Server\world\data\surveyor\c.-6.4.dat","357627","639259387282010000"
"C:\Minecraft\HORIZONS_CHUNK_SERVER\Server\world\data\surveyor\c.-6.5.dat","355220","639259387271010000"
"C:\Minecraft\HORIZONS_CHUNK_SERVER\Server\world\data\surveyor\c.-6.6.dat","514945","639259387260010000"
"C:\Minecraft\HORIZONS_CHUNK_SERVER\Server\world\data\surveyor\c.-6.7.dat","457412","639259387249010000"
"C:\Minecraft\HORIZONS_CHUNK_SERVER\Server\world\data\surveyor\c.-6.8.dat","38649","639259387238010000"
"C:\Minecraft\HORIZONS_CHUNK_SERVER\Server\world\data\surveyor\c.-7.-1.dat","525662","639259387227010000"
"C:\Minecraft\HORIZONS_CHUNK_SERVER\Server\world\data\surveyor\c.-7.-2.dat","617269","639259387216010000"
"C:\Minecraft\HORIZONS_CHUNK_SERVER\Server\world\data\surveyor\c.-7.-3.dat","436966","639259387205010000"
"C:\Minecraft\HORIZONS_CHUNK_SERVER\Server\world\data\surveyor\c.-7.-4.dat","517068","639259387194010000"
"C:\Minecraft\HORIZONS_CHUNK_SERVER\Server\world\data\surveyor\c.-7.-5.dat","553547","639259387183010000"
"C:\Minecraft\HORIZONS_CHUNK_SERVER\Server\world\data\surveyor\c.-7.-6.dat","691057","639259387172010000"
"C:\Minecraft\HORIZONS_CHUNK_SERVER\Server\world\data\surveyor\c.-7.-7.dat","511038","639259387161010000"
"C:\Minecraft\HORIZONS_CHUNK_SERVER\Server\world\data\surveyor\c.-7.-8.dat","100005","639259387150010000"
"C:\Minecraft\HORIZONS_CHUNK_SERVER\Server\world\data\surveyor\c.-7.0.dat","540441","639259387139010000"
"C:\Minecraft\HORIZONS_CHUNK_SERVER\Server\world\data\surveyor\c.-7.1.dat","577753","639259387128010000"
"C:\Minecraft\HORIZONS_CHUNK_SERVER\Server\world\data\surveyor\c.-7.2.dat","630123","639259387117010000"
"C:\Minecraft\HORIZONS_CHUNK_SERVER\Server\world\data\surveyor\c.-7.3.dat","691586","639259387106010000"
"C:\Minecraft\HORIZONS_CHUNK_SERVER\Server\world\data\surveyor\c.-7.4.dat","393959","639259387095010000"
"C:\Minecraft\HORIZONS_CHUNK_SERVER\Server\world\data\surveyor\c.-7.5.dat","304562","639259387084010000"
"C:\Minecraft\HORIZONS_CHUNK_SERVER\Server\world\data\surveyor\c.-7.6.dat","472537","639259387073010000"
"C:\Minecraft\HORIZONS_CHUNK_SERVER\Server\world\data\surveyor\c.-7.7.dat","191293","639259387062010000"
"C:\Minecraft\HORIZONS_CHUNK_SERVER\Server\world\data\surveyor\c.-8.-1.dat","595886","639259387051010000"
"C:\Minecraft\HORIZONS_CHUNK_SERVER\Server\world\data\surveyor\c.-8.-2.dat","612675","639259387040010000"
"C:\Minecraft\HORIZONS_CHUNK_SERVER\Server\world\data\surveyor\c.-8.-3.dat","532350","639259387029010000"
"C:\Minecraft\HORIZONS_CHUNK_SERVER\Server\world\data\surveyor\c.-8.-4.dat","592533","639259387018010000"
"C:\Minecraft\HORIZONS_CHUNK_SERVER\Server\world\data\surveyor\c.-8.-5.dat","673933","639259387007010000"
"C:\Minecraft\HORIZONS_CHUNK_SERVER\Server\world\data\surveyor\c.-8.-6.dat","626009","639259386996010000"
"C:\Minecraft\HORIZONS_CHUNK_SERVER\Server\world\data\surveyor\c.-8.-7.dat","155355","639259386985010000"
"C:\Minecraft\HORIZONS_CHUNK_SERVER\Server\world\data\surveyor\c.-8.0.dat","616784","639259386974010000"
"C:\Minecraft\HORIZONS_CHUNK_SERVER\Server\world\data\surveyor\c.-8.1.dat","547854","639259386963010000"
"C:\Minecraft\HORIZONS_CHUNK_SERVER\Server\world\data\surveyor\c.-8.2.dat","565528","639259386952010000"
"C:\Minecraft\HORIZONS_CHUNK_SERVER\Server\world\data\surveyor\c.-8.3.dat","660495","639259386941010000"
"C:\Minecraft\HORIZONS_CHUNK_SERVER\Server\world\data\surveyor\c.-8.4.dat","457589","639259386930010000"
"C:\Minecraft\HORIZONS_CHUNK_SERVER\Server\world\data\surveyor\c.-8.5.dat","326937","639259386919010000"
"C:\Minecraft\HORIZONS_CHUNK_SERVER\Server\world\data\surveyor\c.-8.6.dat","136773","639259386908010000"
"C:\Minecraft\HORIZONS_CHUNK_SERVER\Server\world\data\surveyor\c.-9.-1.dat","476522","639259386897010000"
"C:\Minecraft\HORIZONS_CHUNK_SERVER\Server\world\data\surveyor\c.-9.-2.dat","496924","639259386886010000"
"C:\Minecraft\HORIZONS_CHUNK_SERVER\Server\world\data\surveyor\c.-9.-3.dat","576229","639259386875010000"
"C:\Minecraft\HORIZONS_CHUNK_SERVER\Server\world\data\surveyor\c.-9.-4.dat","555477","639259386864010000"
"C:\Minecraft\HORIZONS_CHUNK_SERVER\Server\world\data\surveyor\c.-9.-5.dat","401369","639259386853010000"
"C:\Minecraft\HORIZONS_CHUNK_SERVER\Server\world\data\surveyor\c.-9.-6.dat","75789","639259386842010000"
"C:\Minecraft\HORIZONS_CHUNK_SERVER\Server\world\data\surveyor\c.-9.0.dat","531033","639259386831010000"
"C:\Minecraft\HORIZONS_CHUNK_SERVER\Server\world\data\surveyor\c.-9.1.dat","526682","639259386820010000"
"C:\Minecraft\HORIZONS_CHUNK_SERVER\Server\world\data\surveyor\c.-9.2.dat","408193","639259386809010000"
"C:\Minecraft\HORIZONS_CHUNK_SERVER\Server\world\data\surveyor\c.-9.3.dat","201212","639259386798010000"
"C:\Minecraft\HORIZONS_CHUNK_SERVER\Server\world\data\surveyor\c.-9.4.dat","169317","639259386787010000"
"C:\Minecraft\HORIZONS_CHUNK_SERVER\Server\world\data\surveyor\c.-9.5.dat","55938","639259386776010000"
"C:\Minecraft\HORIZONS_CHUNK_SERVER\Server\world\data\surveyor\c.0.-1.dat","266639","639259386765010000"
"C:\Minecraft\HORIZONS_CHUNK_SERVER\Server\world\data\surveyor\c.0.-10.dat","216341","639259386754010000"
"C:\Minecraft\HORIZONS_CHUNK_SERVER\Server\world\data\surveyor\c.0.-2.dat","439974","639259386743010000"
"C:\Minecraft\HORIZONS_CHUNK_SERVER\Server\world\data\surveyor\c.0.-3.dat","529509","639259386732010000"
"C:\Minecraft\HORIZONS_CHUNK_SERVER\Server\world\data\surveyor\c.0.-4.dat","563467","639259386721010000"
"C:\Minecraft\HORIZONS_CHUNK_SERVER\Server\world\data\surveyor\c.0.-5.dat","520922","639259386710010000"
"C:\Minecraft\HORIZONS_CHUNK_SERVER\Server\world\data\surveyor\c.0.-6.dat","543308","639259386699010000"
"C:\Minecraft\HORIZONS_CHUNK_SERVER\Server\world\data\surveyor\c.0.-7.dat","434518","639259386688010000"
"C:\Minecraft\HORIZONS_CHUNK_SERVER\Server\world\data\surveyor\c.0.-8.dat","153912","639259386677010000"
"C:\Minecraft\HORIZONS_CHUNK_SERVER\Server\world\data\surveyor\c.0.-9.dat","155012","639259386666010000"
"C:\Minecraft\HORIZONS_CHUNK_SERVER\Server\world\data\surveyor\c.0.0.dat","252325","639259386655010000"
"C:\Minecraft\HORIZONS_CHUNK_SERVER\Server\world\data\surveyor\c.0.1.dat","419035","639259386644010000"
"C:\Minecraft\HORIZONS_CHUNK_SERVER\Server\world\data\surveyor\c.0.2.dat","577617","639259386633010000"
"C:\Minecraft\HORIZONS_CHUNK_SERVER\Server\world\data\surveyor\c.0.3.dat","599025","639259386622010000"
"C:\Minecraft\HORIZONS_CHUNK_SERVER\Server\world\data\surveyor\c.0.4.dat","607830","639259386611010000"
"C:\Minecraft\HORIZONS_CHUNK_SERVER\Server\world\data\surveyor\c.0.5.dat","600029","639259386600010000"
"C:\Minecraft\HORIZONS_CHUNK_SERVER\Server\world\data\surveyor\c.0.6.dat","652293","639259386589010000"
"C:\Minecraft\HORIZONS_CHUNK_SERVER\Server\world\data\surveyor\c.0.7.dat","590344","639259386578010000"
"C:\Minecraft\HORIZONS_CHUNK_SERVER\Server\world\data\surveyor\c.0.8.dat","589235","639259386567010000"
"C:\Minecraft\HORIZONS_CHUNK_SERVER\Server\world\data\surveyor\c.0.9.dat","363564","639259386556010000"
"C:\Minecraft\HORIZONS_CHUNK_SERVER\Server\world\data\surveyor\c.1.-1.dat","206820","639259386545010000"
"C:\Minecraft\HORIZONS_CHUNK_SERVER\Server\world\data\surveyor\c.1.-10.dat","288679","639259386534010000"
"C:\Minecraft\HORIZONS_CHUNK_SERVER\Server\world\data\surveyor\c.1.-2.dat","550184","639259386523010000"
"C:\Minecraft\HORIZONS_CHUNK_SERVER\Server\world\data\surveyor\c.1.-3.dat","566327","639259386512010000"
"C:\Minecraft\HORIZONS_CHUNK_SERVER\Server\world\data\surveyor\c.1.-4.dat","622903","639259386501010000"
"C:\Minecraft\HORIZONS_CHUNK_SERVER\Server\world\data\surveyor\c.1.-5.dat","585354","639259386490010000"
"C:\Minecraft\HORIZONS_CHUNK_SERVER\Server\world\data\surveyor\c.1.-6.dat","609052","639259386479010000"
"C:\Minecraft\HORIZONS_CHUNK_SERVER\Server\world\data\surveyor\c.1.-7.dat","449938","639259386468010000"
"C:\Minecraft\HORIZONS_CHUNK_SERVER\Server\world\data\surveyor\c.1.-8.dat","163056","639259386457010000"
"C:\Minecraft\HORIZONS_CHUNK_SERVER\Server\world\data\surveyor\c.1.-9.dat","196943","639259386446010000"
"C:\Minecraft\HORIZONS_CHUNK_SERVER\Server\world\data\surveyor\c.1.0.dat","152948","639259386435010000"
"C:\Minecraft\HORIZONS_CHUNK_SERVER\Server\world\data\surveyor\c.1.1.dat","177603","639259386424010000"
"C:\Minecraft\HORIZONS_CHUNK_SERVER\Server\world\data\surveyor\c.1.2.dat","505456","639259386413010000"
"C:\Minecraft\HORIZONS_CHUNK_SERVER\Server\world\data\surveyor\c.1.3.dat","599601","639259386402010000"
"C:\Minecraft\HORIZONS_CHUNK_SERVER\Server\world\data\surveyor\c.1.4.dat","625708","639259386391010000"
"C:\Minecraft\HORIZONS_CHUNK_SERVER\Server\world\data\surveyor\c.1.5.dat","651301","639259386380010000"
"C:\Minecraft\HORIZONS_CHUNK_SERVER\Server\world\data\surveyor\c.1.6.dat","705218","639259386369010000"
"C:\Minecraft\HORIZONS_CHUNK_SERVER\Server\world\data\surveyor\c.1.7.dat","529036","639259386358010000"
"C:\Minecraft\HORIZONS_CHUNK_SERVER\Server\world\data\surveyor\c.1.8.dat","636100","639259386347010000"
"C:\Minecraft\HORIZONS_CHUNK_SERVER\Server\world\data\surveyor\c.1.9.dat","438930","639259386336010000"
"C:\Minecraft\HORIZONS_CHUNK_SERVER\Server\world\data\surveyor\c.2.-1.dat","324893","639259386325010000"
"C:\Minecraft\HORIZONS_CHUNK_SERVER\Server\world\data\surveyor\c.2.-10.dat","214232","639259386314010000"
"C:\Minecraft\HORIZONS_CHUNK_SERVER\Server\world\data\surveyor\c.2.-2.dat","648129","639259386303010000"
"C:\Minecraft\HORIZONS_CHUNK_SERVER\Server\world\data\surveyor\c.2.-3.dat","674452","639259386292010000"
"C:\Minecraft\HORIZONS_CHUNK_SERVER\Server\world\data\surveyor\c.2.-4.dat","532187","639259386281010000"
"C:\Minecraft\HORIZONS_CHUNK_SERVER\Server\world\data\surveyor\c.2.-5.dat","454708","639259386270010000"
"C:\Minecraft\HORIZONS_CHUNK_SERVER\Server\world\data\surveyor\c.2.-6.dat","399745","639259386259010000"
"C:\Minecraft\HORIZONS_CHUNK_SERVER\Server\world\data\surveyor\c.2.-7.dat","169576","639259386248010000"
"C:\Minecraft\HORIZONS_CHUNK_SERVER\Server\world\data\surveyor\c.2.-8.dat","116960","639259386237010000"
"C:\Minecraft\HORIZONS_CHUNK_SERVER\Server\world\data\surveyor\c.2.-9.dat","354597","639259386226010000"
"C:\Minecraft\HORIZONS_CHUNK_SERVER\Server\world\data\surveyor\c.2.0.dat","163163","639259386215010000"
"C:\Minecraft\HORIZONS_CHUNK_SERVER\Server\world\data\surveyor\c.2.1.dat","100698","639259386204010000"
"C:\Minecraft\HORIZONS_CHUNK_SERVER\Server\world\data\surveyor\c.2.2.dat","186179","639259386193010000"
"C:\Minecraft\HORIZONS_CHUNK_SERVER\Server\world\data\surveyor\c.2.3.dat","358558","639259386182010000"
"C:\Minecraft\HORIZONS_CHUNK_SERVER\Server\world\data\surveyor\c.2.4.dat","606408","639259386171010000"
"C:\Minecraft\HORIZONS_CHUNK_SERVER\Server\world\data\surveyor\c.2.5.dat","718423","639259386160010000"
"C:\Minecraft\HORIZONS_CHUNK_SERVER\Server\world\data\surveyor\c.2.6.dat","710474","639259386149010000"
"C:\Minecraft\HORIZONS_CHUNK_SERVER\Server\world\data\surveyor\c.2.7.dat","534450","639259386138010000"
"C:\Minecraft\HORIZONS_CHUNK_SERVER\Server\world\data\surveyor\c.2.8.dat","434039","639259386127010000"
"C:\Minecraft\HORIZONS_CHUNK_SERVER\Server\world\data\surveyor\c.2.9.dat","250758","639259386116010000"
"C:\Minecraft\HORIZONS_CHUNK_SERVER\Server\world\data\surveyor\c.3.-1.dat","266773","639259386105010000"
"C:\Minecraft\HORIZONS_CHUNK_SERVER\Server\world\data\surveyor\c.3.-10.dat","55839","639259386094010000"
"C:\Minecraft\HORIZONS_CHUNK_SERVER\Server\world\data\surveyor\c.3.-2.dat","588236","639259386083010000"
"C:\Minecraft\HORIZONS_CHUNK_SERVER\Server\world\data\surveyor\c.3.-3.dat","554660","639259386072010000"
"C:\Minecraft\HORIZONS_CHUNK_SERVER\Server\world\data\surveyor\c.3.-4.dat","363081","639259386061010000"
"C:\Minecraft\HORIZONS_CHUNK_SERVER\Server\world\data\surveyor\c.3.-5.dat","708691","639259386050010000"
"C:\Minecraft\HORIZONS_CHUNK_SERVER\Server\world\data\surveyor\c.3.-6.dat","541309","639259386039010000"
"C:\Minecraft\HORIZONS_CHUNK_SERVER\Server\world\data\surveyor\c.3.-7.dat","214153","639259386028010000"
"C:\Minecraft\HORIZONS_CHUNK_SERVER\Server\world\data\surveyor\c.3.-8.dat","181604","639259386017010000"
"C:\Minecraft\HORIZONS_CHUNK_SERVER\Server\world\data\surveyor\c.3.-9.dat","455009","639259386006010000"
"C:\Minecraft\HORIZONS_CHUNK_SERVER\Server\world\data\surveyor\c.3.0.dat","168044","639259385995010000"
"C:\Minecraft\HORIZONS_CHUNK_SERVER\Server\world\data\surveyor\c.3.1.dat","198652","639259385984010000"
"C:\Minecraft\HORIZONS_CHUNK_SERVER\Server\world\data\surveyor\c.3.2.dat","102392","639259385973010000"
"C:\Minecraft\HORIZONS_CHUNK_SERVER\Server\world\data\surveyor\c.3.3.dat","169073","639259385962010000"
"C:\Minecraft\HORIZONS_CHUNK_SERVER\Server\world\data\surveyor\c.3.4.dat","222383","639259385951010000"
"C:\Minecraft\HORIZONS_CHUNK_SERVER\Server\world\data\surveyor\c.3.5.dat","265969","639259385940010000"
"C:\Minecraft\HORIZONS_CHUNK_SERVER\Server\world\data\surveyor\c.3.6.dat","269627","639259385929010000"
"C:\Minecraft\HORIZONS_CHUNK_SERVER\Server\world\data\surveyor\c.3.7.dat","256664","639259385918010000"
"C:\Minecraft\HORIZONS_CHUNK_SERVER\Server\world\data\surveyor\c.3.8.dat","601927","639259385907010000"
"C:\Minecraft\HORIZONS_CHUNK_SERVER\Server\world\data\surveyor\c.3.9.dat","122186","639259385896010000"
"C:\Minecraft\HORIZONS_CHUNK_SERVER\Server\world\data\surveyor\c.4.-1.dat","189265","639259385885010000"
"C:\Minecraft\HORIZONS_CHUNK_SERVER\Server\world\data\surveyor\c.4.-2.dat","382436","639259385874010000"
"C:\Minecraft\HORIZONS_CHUNK_SERVER\Server\world\data\surveyor\c.4.-3.dat","281109","639259385863010000"
"C:\Minecraft\HORIZONS_CHUNK_SERVER\Server\world\data\surveyor\c.4.-4.dat","202066","639259385852010000"
"C:\Minecraft\HORIZONS_CHUNK_SERVER\Server\world\data\surveyor\c.4.-5.dat","467209","639259385841010000"
"C:\Minecraft\HORIZONS_CHUNK_SERVER\Server\world\data\surveyor\c.4.-6.dat","711447","639259385830010000"
"C:\Minecraft\HORIZONS_CHUNK_SERVER\Server\world\data\surveyor\c.4.-7.dat","598605","639259385819010000"
"C:\Minecraft\HORIZONS_CHUNK_SERVER\Server\world\data\surveyor\c.4.-8.dat","304082","639259385808010000"
"C:\Minecraft\HORIZONS_CHUNK_SERVER\Server\world\data\surveyor\c.4.-9.dat","170570","639259385797010000"
"C:\Minecraft\HORIZONS_CHUNK_SERVER\Server\world\data\surveyor\c.4.0.dat","422596","639259385786010000"
"C:\Minecraft\HORIZONS_CHUNK_SERVER\Server\world\data\surveyor\c.4.1.dat","554332","639259385775010000"
"C:\Minecraft\HORIZONS_CHUNK_SERVER\Server\world\data\surveyor\c.4.2.dat","216947","639259385764010000"
"C:\Minecraft\HORIZONS_CHUNK_SERVER\Server\world\data\surveyor\c.4.3.dat","227516","639259385753010000"
"C:\Minecraft\HORIZONS_CHUNK_SERVER\Server\world\data\surveyor\c.4.4.dat","319643","639259385742010000"
"C:\Minecraft\HORIZONS_CHUNK_SERVER\Server\world\data\surveyor\c.4.5.dat","318715","639259385731010000"
"C:\Minecraft\HORIZONS_CHUNK_SERVER\Server\world\data\surveyor\c.4.6.dat","170213","639259385720010000"
"C:\Minecraft\HORIZONS_CHUNK_SERVER\Server\world\data\surveyor\c.4.7.dat","96799","639259385709010000"
"C:\Minecraft\HORIZONS_CHUNK_SERVER\Server\world\data\surveyor\c.4.8.dat","220671","639259385698010000"
"C:\Minecraft\HORIZONS_CHUNK_SERVER\Server\world\data\surveyor\c.5.-1.dat","109905","639259385687010000"
"C:\Minecraft\HORIZONS_CHUNK_SERVER\Server\world\data\surveyor\c.5.-2.dat","216744","639259385676010000"
"C:\Minecraft\HORIZONS_CHUNK_SERVER\Server\world\data\surveyor\c.5.-3.dat","125513","639259385665010000"
"C:\Minecraft\HORIZONS_CHUNK_SERVER\Server\world\data\surveyor\c.5.-4.dat","194346","639259385654010000"
"C:\Minecraft\HORIZONS_CHUNK_SERVER\Server\world\data\surveyor\c.5.-5.dat","249849","639259385643010000"
"C:\Minecraft\HORIZONS_CHUNK_SERVER\Server\world\data\surveyor\c.5.-6.dat","575059","639259385632010000"
"C:\Minecraft\HORIZONS_CHUNK_SERVER\Server\world\data\surveyor\c.5.-7.dat","640200","639259385621010000"
"C:\Minecraft\HORIZONS_CHUNK_SERVER\Server\world\data\surveyor\c.5.-8.dat","361467","639259385610010000"
"C:\Minecraft\HORIZONS_CHUNK_SERVER\Server\world\data\surveyor\c.5.-9.dat","42411","639259385599010000"
"C:\Minecraft\HORIZONS_CHUNK_SERVER\Server\world\data\surveyor\c.5.0.dat","284854","639259385588010000"
"C:\Minecraft\HORIZONS_CHUNK_SERVER\Server\world\data\surveyor\c.5.1.dat","444267","639259385577010000"
"C:\Minecraft\HORIZONS_CHUNK_SERVER\Server\world\data\surveyor\c.5.2.dat","428486","639259385566010000"
"C:\Minecraft\HORIZONS_CHUNK_SERVER\Server\world\data\surveyor\c.5.3.dat","273007","639259385555010000"
"C:\Minecraft\HORIZONS_CHUNK_SERVER\Server\world\data\surveyor\c.5.4.dat","329230","639259385544010000"
"C:\Minecraft\HORIZONS_CHUNK_SERVER\Server\world\data\surveyor\c.5.5.dat","282188","639259385533010000"
"C:\Minecraft\HORIZONS_CHUNK_SERVER\Server\world\data\surveyor\c.5.6.dat","147740","639259385522010000"
"C:\Minecraft\HORIZONS_CHUNK_SERVER\Server\world\data\surveyor\c.5.7.dat","105078","639259385511010000"
"C:\Minecraft\HORIZONS_CHUNK_SERVER\Server\world\data\surveyor\c.5.8.dat","45967","639259385500010000"
"C:\Minecraft\HORIZONS_CHUNK_SERVER\Server\world\data\surveyor\c.6.-1.dat","233342","639259385489010000"
"C:\Minecraft\HORIZONS_CHUNK_SERVER\Server\world\data\surveyor\c.6.-2.dat","446807","639259385478010000"
"C:\Minecraft\HORIZONS_CHUNK_SERVER\Server\world\data\surveyor\c.6.-3.dat","429795","639259385467010000"
"C:\Minecraft\HORIZONS_CHUNK_SERVER\Server\world\data\surveyor\c.6.-4.dat","175346","639259385456010000"
"C:\Minecraft\HORIZONS_CHUNK_SERVER\Server\world\data\surveyor\c.6.-5.dat","346994","639259385445010000"
"C:\Minecraft\HORIZONS_CHUNK_SERVER\Server\world\data\surveyor\c.6.-6.dat","633848","639259385434010000"
"C:\Minecraft\HORIZONS_CHUNK_SERVER\Server\world\data\surveyor\c.6.-7.dat","534999","639259385423010000"
"C:\Minecraft\HORIZONS_CHUNK_SERVER\Server\world\data\surveyor\c.6.-8.dat","140442","639259385412010000"
"C:\Minecraft\HORIZONS_CHUNK_SERVER\Server\world\data\surveyor\c.6.0.dat","190029","639259385401010000"
"C:\Minecraft\HORIZONS_CHUNK_SERVER\Server\world\data\surveyor\c.6.1.dat","204300","639259385390010000"
"C:\Minecraft\HORIZONS_CHUNK_SERVER\Server\world\data\surveyor\c.6.2.dat","170777","639259385379010000"
"C:\Minecraft\HORIZONS_CHUNK_SERVER\Server\world\data\surveyor\c.6.3.dat","160610","639259385368010000"
"C:\Minecraft\HORIZONS_CHUNK_SERVER\Server\world\data\surveyor\c.6.4.dat","151058","639259385357010000"
"C:\Minecraft\HORIZONS_CHUNK_SERVER\Server\world\data\surveyor\c.6.5.dat","250364","639259385346010000"
"C:\Minecraft\HORIZONS_CHUNK_SERVER\Server\world\data\surveyor\c.6.6.dat","276489","639259385335010000"
"C:\Minecraft\HORIZONS_CHUNK_SERVER\Server\world\data\surveyor\c.6.7.dat","75803","639259385324010000"
"C:\Minecraft\HORIZONS_CHUNK_SERVER\Server\world\data\surveyor\c.7.-1.dat","311478","639259385313010000"
"C:\Minecraft\HORIZONS_CHUNK_SERVER\Server\world\data\surveyor\c.7.-2.dat","327678","639259385302010000"
"C:\Minecraft\HORIZONS_CHUNK_SERVER\Server\world\data\surveyor\c.7.-3.dat","202999","639259385291010000"
"C:\Minecraft\HORIZONS_CHUNK_SERVER\Server\world\data\surveyor\c.7.-4.dat","182616","639259385280010000"
"C:\Minecraft\HORIZONS_CHUNK_SERVER\Server\world\data\surveyor\c.7.-5.dat","539721","639259385269010000"
"C:\Minecraft\HORIZONS_CHUNK_SERVER\Server\world\data\surveyor\c.7.-6.dat","548001","639259385258010000"
"C:\Minecraft\HORIZONS_CHUNK_SERVER\Server\world\data\surveyor\c.7.-7.dat","255813","639259385247010000"
"C:\Minecraft\HORIZONS_CHUNK_SERVER\Server\world\data\surveyor\c.7.0.dat","236837","639259385236010000"
"C:\Minecraft\HORIZONS_CHUNK_SERVER\Server\world\data\surveyor\c.7.1.dat","254861","639259385225010000"
"C:\Minecraft\HORIZONS_CHUNK_SERVER\Server\world\data\surveyor\c.7.2.dat","177778","639259385214010000"
"C:\Minecraft\HORIZONS_CHUNK_SERVER\Server\world\data\surveyor\c.7.3.dat","167898","639259385203010000"
"C:\Minecraft\HORIZONS_CHUNK_SERVER\Server\world\data\surveyor\c.7.4.dat","172310","639259385192010000"
"C:\Minecraft\HORIZONS_CHUNK_SERVER\Server\world\data\surveyor\c.7.5.dat","145583","639259385181010000"
"C:\Minecraft\HORIZONS_CHUNK_SERVER\Server\world\data\surveyor\c.7.6.dat","68961","639259385170010000"
"C:\Minecraft\HORIZONS_CHUNK_SERVER\Server\world\data\surveyor\c.8.-1.dat","291839","639259385159010000"
"C:\Minecraft\HORIZONS_CHUNK_SERVER\Server\world\data\surveyor\c.8.-2.dat","219642","639259385148010000"
"C:\Minecraft\HORIZONS_CHUNK_SERVER\Server\world\data\surveyor\c.8.-3.dat","171280","639259385137010000"
"C:\Minecraft\HORIZONS_CHUNK_SERVER\Server\world\data\surveyor\c.8.-4.dat","196336","639259385126010000"
"C:\Minecraft\HORIZONS_CHUNK_SERVER\Server\world\data\surveyor\c.8.-5.dat","300106","639259385115010000"
"C:\Minecraft\HORIZONS_CHUNK_SERVER\Server\world\data\surveyor\c.8.-6.dat","61893","639259385104010000"
"C:\Minecraft\HORIZONS_CHUNK_SERVER\Server\world\data\surveyor\c.8.0.dat","200045","639259385093010000"
"C:\Minecraft\HORIZONS_CHUNK_SERVER\Server\world\data\surveyor\c.8.1.dat","158238","639259385082010000"
"C:\Minecraft\HORIZONS_CHUNK_SERVER\Server\world\data\surveyor\c.8.2.dat","153757","639259385071010000"
"C:\Minecraft\HORIZONS_CHUNK_SERVER\Server\world\data\surveyor\c.8.3.dat","221354","639259385060010000"
"C:\Minecraft\HORIZONS_CHUNK_SERVER\Server\world\data\surveyor\c.8.4.dat","128057","639259385049010000"
"C:\Minecraft\HORIZONS_CHUNK_SERVER\Server\world\data\surveyor\c.8.5.dat","25488","639259385038010000"
"C:\Minecraft\HORIZONS_CHUNK_SERVER\Server\world\data\surveyor\c.9.-1.dat","172665","639259385027010000"
"C:\Minecraft\HORIZONS_CHUNK_SERVER\Server\world\data\surveyor\c.9.-2.dat","75161","639259385016010000"
"C:\Minecraft\HORIZONS_CHUNK_SERVER\Server\world\data\surveyor\c.9.-3.dat","60446","639259385005010000"
"C:\Minecraft\HORIZONS_CHUNK_SERVER\Server\world\data\surveyor\c.9.-4.dat","33878","639259384994010000"
"C:\Minecraft\HORIZONS_CHUNK_SERVER\Server\world\data\surveyor\c.9.0.dat","88308","639259384983010000"
"C:\Minecraft\HORIZONS_CHUNK_SERVER\Server\world\data\surveyor\c.9.1.dat","89705","639259384972010000"
"C:\Minecraft\HORIZONS_CHUNK_SERVER\Server\world\data\surveyor\c.9.2.dat","62028","639259384961010000"
"C:\Minecraft\HORIZONS_CHUNK_SERVER\Server\world\data\surveyor\c.9.3.dat","21368","639259384950010000"
"C:\Minecraft\HORIZONS_CHUNK_SERVER\Server\world\data\surveyor\s.-1.-1.dat","4240","639259384939010000"
"C:\Minecraft\HORIZONS_CHUNK_SERVER\Server\world\data\surveyor\s.-1.-10.dat","4695","639259384928010000"
"C:\Minecraft\HORIZONS_CHUNK_SERVER\Server\world\data\surveyor\s.-1.-2.dat","8720","639259384917010000"
"C:\Minecraft\HORIZONS_CHUNK_SERVER\Server\world\data\surveyor\s.-1.-3.dat","16801","639259384906010000"
"C:\Minecraft\HORIZONS_CHUNK_SERVER\Server\world\data\surveyor\s.-1.-4.dat","31315","639259384895010000"
"C:\Minecraft\HORIZONS_CHUNK_SERVER\Server\world\data\surveyor\s.-1.-5.dat","9802","639259384884010000"
"C:\Minecraft\HORIZONS_CHUNK_SERVER\Server\world\data\surveyor\s.-1.-6.dat","5402","639259384873010000"
"C:\Minecraft\HORIZONS_CHUNK_SERVER\Server\world\data\surveyor\s.-1.-7.dat","1618","639259384862010000"
"C:\Minecraft\HORIZONS_CHUNK_SERVER\Server\world\data\surveyor\s.-1.-8.dat","1249","639259384851010000"
"C:\Minecraft\HORIZONS_CHUNK_SERVER\Server\world\data\surveyor\s.-1.-9.dat","1208","639259384840010000"
"C:\Minecraft\HORIZONS_CHUNK_SERVER\Server\world\data\surveyor\s.-1.0.dat","1577","639259384829010000"
"C:\Minecraft\HORIZONS_CHUNK_SERVER\Server\world\data\surveyor\s.-1.1.dat","7763","639259384818010000"
"C:\Minecraft\HORIZONS_CHUNK_SERVER\Server\world\data\surveyor\s.-1.2.dat","4178","639259384807010000"
"C:\Minecraft\HORIZONS_CHUNK_SERVER\Server\world\data\surveyor\s.-1.3.dat","10618","639259384796010000"
"C:\Minecraft\HORIZONS_CHUNK_SERVER\Server\world\data\surveyor\s.-1.4.dat","7964","639259384785010000"
"C:\Minecraft\HORIZONS_CHUNK_SERVER\Server\world\data\surveyor\s.-1.5.dat","7980","639259384774010000"
"C:\Minecraft\HORIZONS_CHUNK_SERVER\Server\world\data\surveyor\s.-1.6.dat","31498","639259384763010000"
"C:\Minecraft\HORIZONS_CHUNK_SERVER\Server\world\data\surveyor\s.-1.7.dat","3623","639259384752010000"
"C:\Minecraft\HORIZONS_CHUNK_SERVER\Server\world\data\surveyor\s.-1.8.dat","8013","639259384741010000"
"C:\Minecraft\HORIZONS_CHUNK_SERVER\Server\world\data\surveyor\s.-1.9.dat","8953","639259384730010000"
"C:\Minecraft\HORIZONS_CHUNK_SERVER\Server\world\data\surveyor\s.-10.-1.dat","6965","639259384719010000"
"C:\Minecraft\HORIZONS_CHUNK_SERVER\Server\world\data\surveyor\s.-10.-2.dat","8799","639259384708010000"
"C:\Minecraft\HORIZONS_CHUNK_SERVER\Server\world\data\surveyor\s.-10.-3.dat","4003","639259384697010000"
"C:\Minecraft\HORIZONS_CHUNK_SERVER\Server\world\data\surveyor\s.-10.-4.dat","659","639259384686010000"
"C:\Minecraft\HORIZONS_CHUNK_SERVER\Server\world\data\surveyor\s.-10.0.dat","13330","639259384675010000"
"C:\Minecraft\HORIZONS_CHUNK_SERVER\Server\world\data\surveyor\s.-10.1.dat","1016","639259384664010000"
"C:\Minecraft\HORIZONS_CHUNK_SERVER\Server\world\data\surveyor\s.-10.2.dat","2535","639259384653010000"
"C:\Minecraft\HORIZONS_CHUNK_SERVER\Server\world\data\surveyor\s.-10.3.dat","604","639259384642010000"
"C:\Minecraft\HORIZONS_CHUNK_SERVER\Server\world\data\surveyor\s.-2.-1.dat","4018","639259384631010000"
"C:\Minecraft\HORIZONS_CHUNK_SERVER\Server\world\data\surveyor\s.-2.-10.dat","4542","639259384620010000"
"C:\Minecraft\HORIZONS_CHUNK_SERVER\Server\world\data\surveyor\s.-2.-2.dat","51965","639259384609010000"
"C:\Minecraft\HORIZONS_CHUNK_SERVER\Server\world\data\surveyor\s.-2.-3.dat","26194","639259384598010000"
"C:\Minecraft\HORIZONS_CHUNK_SERVER\Server\world\data\surveyor\s.-2.-4.dat","9852","639259384587010000"
"C:\Minecraft\HORIZONS_CHUNK_SERVER\Server\world\data\surveyor\s.-2.-5.dat","4515","639259384576010000"
"C:\Minecraft\HORIZONS_CHUNK_SERVER\Server\world\data\surveyor\s.-2.-6.dat","4200","639259384565010000"
"C:\Minecraft\HORIZONS_CHUNK_SERVER\Server\world\data\surveyor\s.-2.-7.dat","33325","639259384554010000"
"C:\Minecraft\HORIZONS_CHUNK_SERVER\Server\world\data\surveyor\s.-2.-8.dat","33585","639259384543010000"
"C:\Minecraft\HORIZONS_CHUNK_SERVER\Server\world\data\surveyor\s.-2.-9.dat","1557","639259384532010000"
"C:\Minecraft\HORIZONS_CHUNK_SERVER\Server\world\data\surveyor\s.-2.0.dat","18985","639259384521010000"
"C:\Minecraft\HORIZONS_CHUNK_SERVER\Server\world\data\surveyor\s.-2.1.dat","23022","639259384510010000"
"C:\Minecraft\HORIZONS_CHUNK_SERVER\Server\world\data\surveyor\s.-2.2.dat","9868","639259384499010000"
"C:\Minecraft\HORIZONS_CHUNK_SERVER\Server\world\data\surveyor\s.-2.3.dat","28400","639259384488010000"
"C:\Minecraft\HORIZONS_CHUNK_SERVER\Server\world\data\surveyor\s.-2.4.dat","6731","639259384477010000"
"C:\Minecraft\HORIZONS_CHUNK_SERVER\Server\world\data\surveyor\s.-2.5.dat","33369","639259384466010000"
"C:\Minecraft\HORIZONS_CHUNK_SERVER\Server\world\data\surveyor\s.-2.6.dat","14056","639259384455010000"
"C:\Minecraft\HORIZONS_CHUNK_SERVER\Server\world\data\surveyor\s.-2.7.dat","7100","639259384444010000"
"C:\Minecraft\HORIZONS_CHUNK_SERVER\Server\world\data\surveyor\s.-2.8.dat","25284","639259384433010000"
"C:\Minecraft\HORIZONS_CHUNK_SERVER\Server\world\data\surveyor\s.-2.9.dat","25113","639259384422010000"
"C:\Minecraft\HORIZONS_CHUNK_SERVER\Server\world\data\surveyor\s.-3.-1.dat","4199","639259384411010000"
"C:\Minecraft\HORIZONS_CHUNK_SERVER\Server\world\data\surveyor\s.-3.-10.dat","1237","639259384400010000"
"C:\Minecraft\HORIZONS_CHUNK_SERVER\Server\world\data\surveyor\s.-3.-2.dat","26977","639259384389010000"
"C:\Minecraft\HORIZONS_CHUNK_SERVER\Server\world\data\surveyor\s.-3.-3.dat","29057","639259384378010000"
"C:\Minecraft\HORIZONS_CHUNK_SERVER\Server\world\data\surveyor\s.-3.-4.dat","6401","639259384367010000"
"C:\Minecraft\HORIZONS_CHUNK_SERVER\Server\world\data\surveyor\s.-3.-5.dat","1597","639259384356010000"
"C:\Minecraft\HORIZONS_CHUNK_SERVER\Server\world\data\surveyor\s.-3.-6.dat","1300","639259384345010000"
"C:\Minecraft\HORIZONS_CHUNK_SERVER\Server\world\data\surveyor\s.-3.-7.dat","1523","639259384334010000"
"C:\Minecraft\HORIZONS_CHUNK_SERVER\Server\world\data\surveyor\s.-3.-8.dat","34365","639259384323010000"
"C:\Minecraft\HORIZONS_CHUNK_SERVER\Server\world\data\surveyor\s.-3.-9.dat","33981","639259384312010000"
"C:\Minecraft\HORIZONS_CHUNK_SERVER\Server\world\data\surveyor\s.-3.0.dat","5654","639259384301010000"
"C:\Minecraft\HORIZONS_CHUNK_SERVER\Server\world\data\surveyor\s.-3.1.dat","55655","639259384290010000"
"C:\Minecraft\HORIZONS_CHUNK_SERVER\Server\world\data\surveyor\s.-3.2.dat","3440","639259384279010000"
"C:\Minecraft\HORIZONS_CHUNK_SERVER\Server\world\data\surveyor\s.-3.3.dat","10892","639259384268010000"
"C:\Minecraft\HORIZONS_CHUNK_SERVER\Server\world\data\surveyor\s.-3.4.dat","29458","639259384257010000"
"C:\Minecraft\HORIZONS_CHUNK_SERVER\Server\world\data\surveyor\s.-3.5.dat","11322","639259384246010000"
"C:\Minecraft\HORIZONS_CHUNK_SERVER\Server\world\data\surveyor\s.-3.6.dat","35955","639259384235010000"
"C:\Minecraft\HORIZONS_CHUNK_SERVER\Server\world\data\surveyor\s.-3.7.dat","33672","639259384224010000"
"C:\Minecraft\HORIZONS_CHUNK_SERVER\Server\world\data\surveyor\s.-3.8.dat","7097","639259384213010000"
"C:\Minecraft\HORIZONS_CHUNK_SERVER\Server\world\data\surveyor\s.-3.9.dat","3721","639259384202010000"
"C:\Minecraft\HORIZONS_CHUNK_SERVER\Server\world\data\surveyor\s.-4.-1.dat","1525","639259384191010000"
"C:\Minecraft\HORIZONS_CHUNK_SERVER\Server\world\data\surveyor\s.-4.-10.dat","440","639259384180010000"
"C:\Minecraft\HORIZONS_CHUNK_SERVER\Server\world\data\surveyor\s.-4.-2.dat","2728","639259384169010000"
"C:\Minecraft\HORIZONS_CHUNK_SERVER\Server\world\data\surveyor\s.-4.-3.dat","4782","639259384158010000"
"C:\Minecraft\HORIZONS_CHUNK_SERVER\Server\world\data\surveyor\s.-4.-4.dat","3236","639259384147010000"
"C:\Minecraft\HORIZONS_CHUNK_SERVER\Server\world\data\surveyor\s.-4.-5.dat","2014","639259384136010000"
"C:\Minecraft\HORIZONS_CHUNK_SERVER\Server\world\data\surveyor\s.-4.-6.dat","2092","639259384125010000"
"C:\Minecraft\HORIZONS_CHUNK_SERVER\Server\world\data\surveyor\s.-4.-7.dat","1608","639259384114010000"
"C:\Minecraft\HORIZONS_CHUNK_SERVER\Server\world\data\surveyor\s.-4.-8.dat","2498","639259384103010000"
"C:\Minecraft\HORIZONS_CHUNK_SERVER\Server\world\data\surveyor\s.-4.-9.dat","5316","639259384092010000"
"C:\Minecraft\HORIZONS_CHUNK_SERVER\Server\world\data\surveyor\s.-4.0.dat","1546","639259384081010000"
"C:\Minecraft\HORIZONS_CHUNK_SERVER\Server\world\data\surveyor\s.-4.1.dat","34988","639259384070010000"
"C:\Minecraft\HORIZONS_CHUNK_SERVER\Server\world\data\surveyor\s.-4.2.dat","2513","639259384059010000"
"C:\Minecraft\HORIZONS_CHUNK_SERVER\Server\world\data\surveyor\s.-4.3.dat","10410","639259384048010000"
"C:\Minecraft\HORIZONS_CHUNK_SERVER\Server\world\data\surveyor\s.-4.4.dat","4695","639259384037010000"
"C:\Minecraft\HORIZONS_CHUNK_SERVER\Server\world\data\surveyor\s.-4.5.dat","32618","639259384026010000"
"C:\Minecraft\HORIZONS_CHUNK_SERVER\Server\world\data\surveyor\s.-4.6.dat","9151","639259384015010000"
"C:\Minecraft\HORIZONS_CHUNK_SERVER\Server\world\data\surveyor\s.-4.7.dat","6136","639259384004010000"
"C:\Minecraft\HORIZONS_CHUNK_SERVER\Server\world\data\surveyor\s.-4.8.dat","1299","639259383993010000"
"C:\Minecraft\HORIZONS_CHUNK_SERVER\Server\world\data\surveyor\s.-4.9.dat","622","639259383982010000"
"C:\Minecraft\HORIZONS_CHUNK_SERVER\Server\world\data\surveyor\s.-5.-1.dat","1796","639259383971010000"
"C:\Minecraft\HORIZONS_CHUNK_SERVER\Server\world\data\surveyor\s.-5.-2.dat","2000","639259383960010000"
"C:\Minecraft\HORIZONS_CHUNK_SERVER\Server\world\data\surveyor\s.-5.-3.dat","1574","639259383949010000"
"C:\Minecraft\HORIZONS_CHUNK_SERVER\Server\world\data\surveyor\s.-5.-4.dat","1633","639259383938010000"
"C:\Minecraft\HORIZONS_CHUNK_SERVER\Server\world\data\surveyor\s.-5.-5.dat","5696","639259383927010000"
"C:\Minecraft\HORIZONS_CHUNK_SERVER\Server\world\data\surveyor\s.-5.-6.dat","26338","639259383916010000"
"C:\Minecraft\HORIZONS_CHUNK_SERVER\Server\world\data\surveyor\s.-5.-7.dat","3256","639259383905010000"
"C:\Minecraft\HORIZONS_CHUNK_SERVER\Server\world\data\surveyor\s.-5.-8.dat","31608","639259383894010000"
"C:\Minecraft\HORIZONS_CHUNK_SERVER\Server\world\data\surveyor\s.-5.-9.dat","1565","639259383883010000"
"C:\Minecraft\HORIZONS_CHUNK_SERVER\Server\world\data\surveyor\s.-5.0.dat","36899","639259383872010000"
"C:\Minecraft\HORIZONS_CHUNK_SERVER\Server\world\data\surveyor\s.-5.1.dat","12260","639259383861010000"
"C:\Minecraft\HORIZONS_CHUNK_SERVER\Server\world\data\surveyor\s.-5.2.dat","3310","639259383850010000"
"C:\Minecraft\HORIZONS_CHUNK_SERVER\Server\world\data\surveyor\s.-5.3.dat","26055","639259383839010000"
"C:\Minecraft\HORIZONS_CHUNK_SERVER\Server\world\data\surveyor\s.-5.4.dat","4789","639259383828010000"
"C:\Minecraft\HORIZONS_CHUNK_SERVER\Server\world\data\surveyor\s.-5.5.dat","4856","639259383817010000"
"C:\Minecraft\HORIZONS_CHUNK_SERVER\Server\world\data\surveyor\s.-5.6.dat","54852","639259383806010000"
"C:\Minecraft\HORIZONS_CHUNK_SERVER\Server\world\data\surveyor\s.-5.7.dat","35994","639259383795010000"
"C:\Minecraft\HORIZONS_CHUNK_SERVER\Server\world\data\surveyor\s.-5.8.dat","1555","639259383784010000"
"C:\Minecraft\HORIZONS_CHUNK_SERVER\Server\world\data\surveyor\s.-6.-1.dat","8262","639259383773010000"
"C:\Minecraft\HORIZONS_CHUNK_SERVER\Server\world\data\surveyor\s.-6.-2.dat","4928","639259383762010000"
"C:\Minecraft\HORIZONS_CHUNK_SERVER\Server\world\data\surveyor\s.-6.-3.dat","24687","639259383751010000"
"C:\Minecraft\HORIZONS_CHUNK_SERVER\Server\world\data\surveyor\s.-6.-4.dat","3670","639259383740010000"
"C:\Minecraft\HORIZONS_CHUNK_SERVER\Server\world\data\surveyor\s.-6.-5.dat","8269","639259383729010000"
"C:\Minecraft\HORIZONS_CHUNK_SERVER\Server\world\data\surveyor\s.-6.-6.dat","33027","639259383718010000"
"C:\Minecraft\HORIZONS_CHUNK_SERVER\Server\world\data\surveyor\s.-6.-7.dat","7892","639259383707010000"
"C:\Minecraft\HORIZONS_CHUNK_SERVER\Server\world\data\surveyor\s.-6.-8.dat","32880","639259383696010000"
"C:\Minecraft\HORIZONS_CHUNK_SERVER\Server\world\data\surveyor\s.-6.-9.dat","487","639259383685010000"
"C:\Minecraft\HORIZONS_CHUNK_SERVER\Server\world\data\surveyor\s.-6.0.dat","29694","639259383674010000"
"C:\Minecraft\HORIZONS_CHUNK_SERVER\Server\world\data\surveyor\s.-6.1.dat","5586","639259383663010000"
"C:\Minecraft\HORIZONS_CHUNK_SERVER\Server\world\data\surveyor\s.-6.2.dat","32581","639259383652010000"
"C:\Minecraft\HORIZONS_CHUNK_SERVER\Server\world\data\surveyor\s.-6.3.dat","36333","639259383641010000"
"C:\Minecraft\HORIZONS_CHUNK_SERVER\Server\world\data\surveyor\s.-6.4.dat","5989","639259383630010000"
"C:\Minecraft\HORIZONS_CHUNK_SERVER\Server\world\data\surveyor\s.-6.5.dat","2804","639259383619010000"
"C:\Minecraft\HORIZONS_CHUNK_SERVER\Server\world\data\surveyor\s.-6.6.dat","36390","639259383608010000"
"C:\Minecraft\HORIZONS_CHUNK_SERVER\Server\world\data\surveyor\s.-6.7.dat","5047","639259383597010000"
"C:\Minecraft\HORIZONS_CHUNK_SERVER\Server\world\data\surveyor\s.-6.8.dat","431","639259383586010000"
"C:\Minecraft\HORIZONS_CHUNK_SERVER\Server\world\data\surveyor\s.-7.-1.dat","4875","639259383575010000"
"C:\Minecraft\HORIZONS_CHUNK_SERVER\Server\world\data\surveyor\s.-7.-2.dat","7317","639259383564010000"
"C:\Minecraft\HORIZONS_CHUNK_SERVER\Server\world\data\surveyor\s.-7.-3.dat","7198","639259383553010000"
"C:\Minecraft\HORIZONS_CHUNK_SERVER\Server\world\data\surveyor\s.-7.-4.dat","8629","639259383542010000"
"C:\Minecraft\HORIZONS_CHUNK_SERVER\Server\world\data\surveyor\s.-7.-5.dat","5642","639259383531010000"
"C:\Minecraft\HORIZONS_CHUNK_SERVER\Server\world\data\surveyor\s.-7.-6.dat","37512","639259383520010000"
"C:\Minecraft\HORIZONS_CHUNK_SERVER\Server\world\data\surveyor\s.-7.-7.dat","9602","639259383509010000"
"C:\Minecraft\HORIZONS_CHUNK_SERVER\Server\world\data\surveyor\s.-7.-8.dat","4174","639259383498010000"
"C:\Minecraft\HORIZONS_CHUNK_SERVER\Server\world\data\surveyor\s.-7.0.dat","6856","639259383487010000"
"C:\Minecraft\HORIZONS_CHUNK_SERVER\Server\world\data\surveyor\s.-7.1.dat","7379","639259383476010000"
"C:\Minecraft\HORIZONS_CHUNK_SERVER\Server\world\data\surveyor\s.-7.2.dat","12265","639259383465010000"
"C:\Minecraft\HORIZONS_CHUNK_SERVER\Server\world\data\surveyor\s.-7.3.dat","11605","639259383454010000"
"C:\Minecraft\HORIZONS_CHUNK_SERVER\Server\world\data\surveyor\s.-7.4.dat","4139","639259383443010000"
"C:\Minecraft\HORIZONS_CHUNK_SERVER\Server\world\data\surveyor\s.-7.5.dat","1716","639259383432010000"
"C:\Minecraft\HORIZONS_CHUNK_SERVER\Server\world\data\surveyor\s.-7.6.dat","3214","639259383421010000"
"C:\Minecraft\HORIZONS_CHUNK_SERVER\Server\world\data\surveyor\s.-7.7.dat","68098","639259383410010000"
"C:\Minecraft\HORIZONS_CHUNK_SERVER\Server\world\data\surveyor\s.-8.-1.dat","9610","639259383399010000"
"C:\Minecraft\HORIZONS_CHUNK_SERVER\Server\world\data\surveyor\s.-8.-2.dat","34334","639259383388010000"
"C:\Minecraft\HORIZONS_CHUNK_SERVER\Server\world\data\surveyor\s.-8.-3.dat","7278","639259383377010000"
"C:\Minecraft\HORIZONS_CHUNK_SERVER\Server\world\data\surveyor\s.-8.-4.dat","10209","639259383366010000"
"C:\Minecraft\HORIZONS_CHUNK_SERVER\Server\world\data\surveyor\s.-8.-5.dat","19885","639259383355010000"
"C:\Minecraft\HORIZONS_CHUNK_SERVER\Server\world\data\surveyor\s.-8.-6.dat","15839","639259383344010000"
"C:\Minecraft\HORIZONS_CHUNK_SERVER\Server\world\data\surveyor\s.-8.-7.dat","1847","639259383333010000"
"C:\Minecraft\HORIZONS_CHUNK_SERVER\Server\world\data\surveyor\s.-8.0.dat","10515","639259383322010000"
"C:\Minecraft\HORIZONS_CHUNK_SERVER\Server\world\data\surveyor\s.-8.1.dat","9723","639259383311010000"
"C:\Minecraft\HORIZONS_CHUNK_SERVER\Server\world\data\surveyor\s.-8.2.dat","6333","639259383300010000"
"C:\Minecraft\HORIZONS_CHUNK_SERVER\Server\world\data\surveyor\s.-8.3.dat","9141","639259383289010000"
"C:\Minecraft\HORIZONS_CHUNK_SERVER\Server\world\data\surveyor\s.-8.4.dat","1833","639259383278010000"
"C:\Minecraft\HORIZONS_CHUNK_SERVER\Server\world\data\surveyor\s.-8.5.dat","4906","639259383267010000"
"C:\Minecraft\HORIZONS_CHUNK_SERVER\Server\world\data\surveyor\s.-8.6.dat","4428","639259383256010000"
"C:\Minecraft\HORIZONS_CHUNK_SERVER\Server\world\data\surveyor\s.-9.-1.dat","5981","639259383245010000"
"C:\Minecraft\HORIZONS_CHUNK_SERVER\Server\world\data\surveyor\s.-9.-2.dat","6079","639259383234010000"
"C:\Minecraft\HORIZONS_CHUNK_SERVER\Server\world\data\surveyor\s.-9.-3.dat","29159","639259383223010000"
"C:\Minecraft\HORIZONS_CHUNK_SERVER\Server\world\data\surveyor\s.-9.-4.dat","28141","639259383212010000"
"C:\Minecraft\HORIZONS_CHUNK_SERVER\Server\world\data\surveyor\s.-9.-5.dat","12225","639259383201010000"
"C:\Minecraft\HORIZONS_CHUNK_SERVER\Server\world\data\surveyor\s.-9.-6.dat","5462","639259383190010000"
"C:\Minecraft\HORIZONS_CHUNK_SERVER\Server\world\data\surveyor\s.-9.0.dat","11880","639259383179010000"
"C:\Minecraft\HORIZONS_CHUNK_SERVER\Server\world\data\surveyor\s.-9.1.dat","25436","639259383168010000"
"C:\Minecraft\HORIZONS_CHUNK_SERVER\Server\world\data\surveyor\s.-9.2.dat","6367","639259383157010000"
"C:\Minecraft\HORIZONS_CHUNK_SERVER\Server\world\data\surveyor\s.-9.3.dat","8003","639259383146010000"
"C:\Minecraft\HORIZONS_CHUNK_SERVER\Server\world\data\surveyor\s.-9.4.dat","2399","639259383135010000"
"C:\Minecraft\HORIZONS_CHUNK_SERVER\Server\world\data\surveyor\s.-9.5.dat","722","639259383124010000"
"C:\Minecraft\HORIZONS_CHUNK_SERVER\Server\world\data\surveyor\s.0.-1.dat","1243","639259383113010000"
"C:\Minecraft\HORIZONS_CHUNK_SERVER\Server\world\data\surveyor\s.0.-10.dat","7140","639259383102010000"
"C:\Minecraft\HORIZONS_CHUNK_SERVER\Server\world\data\surveyor\s.0.-2.dat","9135","639259383091010000"
"C:\Minecraft\HORIZONS_CHUNK_SERVER\Server\world\data\surveyor\s.0.-3.dat","9814","639259383080010000"
"C:\Minecraft\HORIZONS_CHUNK_SERVER\Server\world\data\surveyor\s.0.-4.dat","78816","639259383069010000"
"C:\Minecraft\HORIZONS_CHUNK_SERVER\Server\world\data\surveyor\s.0.-5.dat","28426","639259383058010000"
"C:\Minecraft\HORIZONS_CHUNK_SERVER\Server\world\data\surveyor\s.0.-6.dat","12107","639259383047010000"
"C:\Minecraft\HORIZONS_CHUNK_SERVER\Server\world\data\surveyor\s.0.-7.dat","4209","639259383036010000"
"C:\Minecraft\HORIZONS_CHUNK_SERVER\Server\world\data\surveyor\s.0.-8.dat","36075","639259383025010000"
"C:\Minecraft\HORIZONS_CHUNK_SERVER\Server\world\data\surveyor\s.0.-9.dat","32979","639259383014010000"
"C:\Minecraft\HORIZONS_CHUNK_SERVER\Server\world\data\surveyor\s.0.0.dat","37252","639259383003010000"
"C:\Minecraft\HORIZONS_CHUNK_SERVER\Server\world\data\surveyor\s.0.1.dat","13810","639259382992010000"
"C:\Minecraft\HORIZONS_CHUNK_SERVER\Server\world\data\surveyor\s.0.2.dat","26904","639259382981010000"
"C:\Minecraft\HORIZONS_CHUNK_SERVER\Server\world\data\surveyor\s.0.3.dat","28303","639259382970010000"
"C:\Minecraft\HORIZONS_CHUNK_SERVER\Server\world\data\surveyor\s.0.4.dat","5030","639259382959010000"
"C:\Minecraft\HORIZONS_CHUNK_SERVER\Server\world\data\surveyor\s.0.5.dat","119262","639259382948010000"
"C:\Minecraft\HORIZONS_CHUNK_SERVER\Server\world\data\surveyor\s.0.6.dat","31928","639259382937010000"
"C:\Minecraft\HORIZONS_CHUNK_SERVER\Server\world\data\surveyor\s.0.7.dat","8748","639259382926010000"
"C:\Minecraft\HORIZONS_CHUNK_SERVER\Server\world\data\surveyor\s.0.8.dat","13625","639259382915010000"
"C:\Minecraft\HORIZONS_CHUNK_SERVER\Server\world\data\surveyor\s.0.9.dat","11993","639259382904010000"
"C:\Minecraft\HORIZONS_CHUNK_SERVER\Server\world\data\surveyor\s.1.-1.dat","3075","639259382893010000"
"C:\Minecraft\HORIZONS_CHUNK_SERVER\Server\world\data\surveyor\s.1.-10.dat","4103","639259382882010000"
"C:\Minecraft\HORIZONS_CHUNK_SERVER\Server\world\data\surveyor\s.1.-2.dat","28683","639259382871010000"
"C:\Minecraft\HORIZONS_CHUNK_SERVER\Server\world\data\surveyor\s.1.-3.dat","5104","639259382860010000"
"C:\Minecraft\HORIZONS_CHUNK_SERVER\Server\world\data\surveyor\s.1.-4.dat","4310","639259382849010000"
"C:\Minecraft\HORIZONS_CHUNK_SERVER\Server\world\data\surveyor\s.1.-5.dat","4443","639259382838010000"
"C:\Minecraft\HORIZONS_CHUNK_SERVER\Server\world\data\surveyor\s.1.-6.dat","10179","639259382827010000"
"C:\Minecraft\HORIZONS_CHUNK_SERVER\Server\world\data\surveyor\s.1.-7.dat","7075","639259382816010000"
"C:\Minecraft\HORIZONS_CHUNK_SERVER\Server\world\data\surveyor\s.1.-8.dat","3056","639259382805010000"
"C:\Minecraft\HORIZONS_CHUNK_SERVER\Server\world\data\surveyor\s.1.-9.dat","4039","639259382794010000"
"C:\Minecraft\HORIZONS_CHUNK_SERVER\Server\world\data\surveyor\s.1.0.dat","1266","639259382783010000"
"C:\Minecraft\HORIZONS_CHUNK_SERVER\Server\world\data\surveyor\s.1.1.dat","1438","639259382772010000"
"C:\Minecraft\HORIZONS_CHUNK_SERVER\Server\world\data\surveyor\s.1.2.dat","9835","639259382761010000"
"C:\Minecraft\HORIZONS_CHUNK_SERVER\Server\world\data\surveyor\s.1.3.dat","11533","639259382750010000"
"C:\Minecraft\HORIZONS_CHUNK_SERVER\Server\world\data\surveyor\s.1.4.dat","3466","639259382739010000"
"C:\Minecraft\HORIZONS_CHUNK_SERVER\Server\world\data\surveyor\s.1.5.dat","33313","639259382728010000"
"C:\Minecraft\HORIZONS_CHUNK_SERVER\Server\world\data\surveyor\s.1.6.dat","14499","639259382717010000"
"C:\Minecraft\HORIZONS_CHUNK_SERVER\Server\world\data\surveyor\s.1.7.dat","5406","639259382706010000"
"C:\Minecraft\HORIZONS_CHUNK_SERVER\Server\world\data\surveyor\s.1.8.dat","10653","639259382695010000"
"C:\Minecraft\HORIZONS_CHUNK_SERVER\Server\world\data\surveyor\s.1.9.dat","32652","639259382684010000"
"C:\Minecraft\HORIZONS_CHUNK_SERVER\Server\world\data\surveyor\s.2.-1.dat","4007","639259382673010000"
"C:\Minecraft\HORIZONS_CHUNK_SERVER\Server\world\data\surveyor\s.2.-10.dat","2853","639259382662010000"
"C:\Minecraft\HORIZONS_CHUNK_SERVER\Server\world\data\surveyor\s.2.-2.dat","8332","639259382651010000"
"C:\Minecraft\HORIZONS_CHUNK_SERVER\Server\world\data\surveyor\s.2.-3.dat","29373","639259382640010000"
"C:\Minecraft\HORIZONS_CHUNK_SERVER\Server\world\data\surveyor\s.2.-4.dat","42357","639259382629010000"
"C:\Minecraft\HORIZONS_CHUNK_SERVER\Server\world\data\surveyor\s.2.-5.dat","7581","639259382618010000"
"C:\Minecraft\HORIZONS_CHUNK_SERVER\Server\world\data\surveyor\s.2.-6.dat","29830","639259382607010000"
"C:\Minecraft\HORIZONS_CHUNK_SERVER\Server\world\data\surveyor\s.2.-7.dat","34892","639259382596010000"
"C:\Minecraft\HORIZONS_CHUNK_SERVER\Server\world\data\surveyor\s.2.-8.dat","3497","639259382585010000"
"C:\Minecraft\HORIZONS_CHUNK_SERVER\Server\world\data\surveyor\s.2.-9.dat","8150","639259382574010000"
"C:\Minecraft\HORIZONS_CHUNK_SERVER\Server\world\data\surveyor\s.2.0.dat","34882","639259382563010000"
"C:\Minecraft\HORIZONS_CHUNK_SERVER\Server\world\data\surveyor\s.2.1.dat","1131","639259382552010000"
"C:\Minecraft\HORIZONS_CHUNK_SERVER\Server\world\data\surveyor\s.2.2.dat","2310","639259382541010000"
"C:\Minecraft\HORIZONS_CHUNK_SERVER\Server\world\data\surveyor\s.2.3.dat","6185","639259382530010000"
"C:\Minecraft\HORIZONS_CHUNK_SERVER\Server\world\data\surveyor\s.2.4.dat","8594","639259382519010000"
"C:\Minecraft\HORIZONS_CHUNK_SERVER\Server\world\data\surveyor\s.2.5.dat","5971","639259382508010000"
"C:\Minecraft\HORIZONS_CHUNK_SERVER\Server\world\data\surveyor\s.2.6.dat","30940","639259382497010000"
"C:\Minecraft\HORIZONS_CHUNK_SERVER\Server\world\data\surveyor\s.2.7.dat","26574","639259382486010000"
"C:\Minecraft\HORIZONS_CHUNK_SERVER\Server\world\data\surveyor\s.2.8.dat","5881","639259382475010000"
"C:\Minecraft\HORIZONS_CHUNK_SERVER\Server\world\data\surveyor\s.2.9.dat","6718","639259382464010000"
"C:\Minecraft\HORIZONS_CHUNK_SERVER\Server\world\data\surveyor\s.3.-1.dat","54532","639259382453010000"
"C:\Minecraft\HORIZONS_CHUNK_SERVER\Server\world\data\surveyor\s.3.-10.dat","612","639259382442010000"
"C:\Minecraft\HORIZONS_CHUNK_SERVER\Server\world\data\surveyor\s.3.-2.dat","7713","639259382431010000"
"C:\Minecraft\HORIZONS_CHUNK_SERVER\Server\world\data\surveyor\s.3.-3.dat","38136","639259382420010000"
"C:\Minecraft\HORIZONS_CHUNK_SERVER\Server\world\data\surveyor\s.3.-4.dat","9348","639259382409010000"
"C:\Minecraft\HORIZONS_CHUNK_SERVER\Server\world\data\surveyor\s.3.-5.dat","13277","639259382398010000"
"C:\Minecraft\HORIZONS_CHUNK_SERVER\Server\world\data\surveyor\s.3.-6.dat","11015","639259382387010000"
"C:\Minecraft\HORIZONS_CHUNK_SERVER\Server\world\data\surveyor\s.3.-7.dat","2625","639259382376010000"
"C:\Minecraft\HORIZONS_CHUNK_SERVER\Server\world\data\surveyor\s.3.-8.dat","35999","639259382365010000"
"C:\Minecraft\HORIZONS_CHUNK_SERVER\Server\world\data\surveyor\s.3.-9.dat","7935","639259382354010000"
"C:\Minecraft\HORIZONS_CHUNK_SERVER\Server\world\data\surveyor\s.3.0.dat","32792","639259382343010000"
"C:\Minecraft\HORIZONS_CHUNK_SERVER\Server\world\data\surveyor\s.3.1.dat","32595","639259382332010000"
"C:\Minecraft\HORIZONS_CHUNK_SERVER\Server\world\data\surveyor\s.3.2.dat","2104","639259382321010000"
"C:\Minecraft\HORIZONS_CHUNK_SERVER\Server\world\data\surveyor\s.3.3.dat","32443","639259382310010000"
"C:\Minecraft\HORIZONS_CHUNK_SERVER\Server\world\data\surveyor\s.3.4.dat","3405","639259382299010000"
"C:\Minecraft\HORIZONS_CHUNK_SERVER\Server\world\data\surveyor\s.3.5.dat","34681","639259382288010000"
"C:\Minecraft\HORIZONS_CHUNK_SERVER\Server\world\data\surveyor\s.3.6.dat","36867","639259382277010000"
"C:\Minecraft\HORIZONS_CHUNK_SERVER\Server\world\data\surveyor\s.3.7.dat","7629","639259382266010000"
"C:\Minecraft\HORIZONS_CHUNK_SERVER\Server\world\data\surveyor\s.3.8.dat","64458","639259382255010000"
"C:\Minecraft\HORIZONS_CHUNK_SERVER\Server\world\data\surveyor\s.3.9.dat","4365","639259382244010000"
"C:\Minecraft\HORIZONS_CHUNK_SERVER\Server\world\data\surveyor\s.4.-1.dat","5044","639259382233010000"
"C:\Minecraft\HORIZONS_CHUNK_SERVER\Server\world\data\surveyor\s.4.-2.dat","4767","639259382222010000"
"C:\Minecraft\HORIZONS_CHUNK_SERVER\Server\world\data\surveyor\s.4.-3.dat","5006","639259382211010000"
"C:\Minecraft\HORIZONS_CHUNK_SERVER\Server\world\data\surveyor\s.4.-4.dat","1331","639259382200010000"
"C:\Minecraft\HORIZONS_CHUNK_SERVER\Server\world\data\surveyor\s.4.-5.dat","9496","639259382189010000"
"C:\Minecraft\HORIZONS_CHUNK_SERVER\Server\world\data\surveyor\s.4.-6.dat","31089","639259382178010000"
"C:\Minecraft\HORIZONS_CHUNK_SERVER\Server\world\data\surveyor\s.4.-7.dat","60099","639259382167010000"
"C:\Minecraft\HORIZONS_CHUNK_SERVER\Server\world\data\surveyor\s.4.-8.dat","3511","639259382156010000"
"C:\Minecraft\HORIZONS_CHUNK_SERVER\Server\world\data\surveyor\s.4.-9.dat","3806","639259382145010000"
"C:\Minecraft\HORIZONS_CHUNK_SERVER\Server\world\data\surveyor\s.4.0.dat","6550","639259382134010000"
"C:\Minecraft\HORIZONS_CHUNK_SERVER\Server\world\data\surveyor\s.4.1.dat","25796","639259382123010000"
"C:\Minecraft\HORIZONS_CHUNK_SERVER\Server\world\data\surveyor\s.4.2.dat","4963","639259382112010000"
"C:\Minecraft\HORIZONS_CHUNK_SERVER\Server\world\data\surveyor\s.4.3.dat","1668","639259382101010000"
"C:\Minecraft\HORIZONS_CHUNK_SERVER\Server\world\data\surveyor\s.4.4.dat","1555","639259382090010000"
"C:\Minecraft\HORIZONS_CHUNK_SERVER\Server\world\data\surveyor\s.4.5.dat","1678","639259382079010000"
"C:\Minecraft\HORIZONS_CHUNK_SERVER\Server\world\data\surveyor\s.4.6.dat","33062","639259382068010000"
"C:\Minecraft\HORIZONS_CHUNK_SERVER\Server\world\data\surveyor\s.4.7.dat","1239","639259382057010000"
"C:\Minecraft\HORIZONS_CHUNK_SERVER\Server\world\data\surveyor\s.4.8.dat","32318","639259382046010000"
"C:\Minecraft\HORIZONS_CHUNK_SERVER\Server\world\data\surveyor\s.4.9.dat","184","639259382035010000"
"C:\Minecraft\HORIZONS_CHUNK_SERVER\Server\world\data\surveyor\s.5.-1.dat","1337","639259382024010000"
"C:\Minecraft\HORIZONS_CHUNK_SERVER\Server\world\data\surveyor\s.5.-2.dat","6318","639259382013010000"
"C:\Minecraft\HORIZONS_CHUNK_SERVER\Server\world\data\surveyor\s.5.-3.dat","32858","639259382002010000"
"C:\Minecraft\HORIZONS_CHUNK_SERVER\Server\world\data\surveyor\s.5.-4.dat","4783","639259381991010000"
"C:\Minecraft\HORIZONS_CHUNK_SERVER\Server\world\data\surveyor\s.5.-5.dat","2215","639259381980010000"
"C:\Minecraft\HORIZONS_CHUNK_SERVER\Server\world\data\surveyor\s.5.-6.dat","19443","639259381969010000"
"C:\Minecraft\HORIZONS_CHUNK_SERVER\Server\world\data\surveyor\s.5.-7.dat","4560","639259381958010000"
"C:\Minecraft\HORIZONS_CHUNK_SERVER\Server\world\data\surveyor\s.5.-8.dat","3797","639259381947010000"
"C:\Minecraft\HORIZONS_CHUNK_SERVER\Server\world\data\surveyor\s.5.-9.dat","466","639259381936010000"
"C:\Minecraft\HORIZONS_CHUNK_SERVER\Server\world\data\surveyor\s.5.0.dat","8637","639259381925010000"
"C:\Minecraft\HORIZONS_CHUNK_SERVER\Server\world\data\surveyor\s.5.1.dat","13946","639259381914010000"
"C:\Minecraft\HORIZONS_CHUNK_SERVER\Server\world\data\surveyor\s.5.2.dat","6120","639259381903010000"
"C:\Minecraft\HORIZONS_CHUNK_SERVER\Server\world\data\surveyor\s.5.3.dat","32967","639259381892010000"
"C:\Minecraft\HORIZONS_CHUNK_SERVER\Server\world\data\surveyor\s.5.4.dat","4915","639259381881010000"
"C:\Minecraft\HORIZONS_CHUNK_SERVER\Server\world\data\surveyor\s.5.5.dat","5813","639259381870010000"
"C:\Minecraft\HORIZONS_CHUNK_SERVER\Server\world\data\surveyor\s.5.6.dat","1301","639259381859010000"
"C:\Minecraft\HORIZONS_CHUNK_SERVER\Server\world\data\surveyor\s.5.7.dat","1403","639259381848010000"
"C:\Minecraft\HORIZONS_CHUNK_SERVER\Server\world\data\surveyor\s.5.8.dat","2614","639259381837010000"
"C:\Minecraft\HORIZONS_CHUNK_SERVER\Server\world\data\surveyor\s.6.-1.dat","5664","639259381826010000"
"C:\Minecraft\HORIZONS_CHUNK_SERVER\Server\world\data\surveyor\s.6.-2.dat","12929","639259381815010000"
"C:\Minecraft\HORIZONS_CHUNK_SERVER\Server\world\data\surveyor\s.6.-3.dat","6779","639259381804010000"
"C:\Minecraft\HORIZONS_CHUNK_SERVER\Server\world\data\surveyor\s.6.-4.dat","2797","639259381793010000"
"C:\Minecraft\HORIZONS_CHUNK_SERVER\Server\world\data\surveyor\s.6.-5.dat","33323","639259381782010000"
"C:\Minecraft\HORIZONS_CHUNK_SERVER\Server\world\data\surveyor\s.6.-6.dat","33785","639259381771010000"
"C:\Minecraft\HORIZONS_CHUNK_SERVER\Server\world\data\surveyor\s.6.-7.dat","6890","639259381760010000"
"C:\Minecraft\HORIZONS_CHUNK_SERVER\Server\world\data\surveyor\s.6.-8.dat","1024","639259381749010000"
"C:\Minecraft\HORIZONS_CHUNK_SERVER\Server\world\data\surveyor\s.6.0.dat","4771","639259381738010000"
"C:\Minecraft\HORIZONS_CHUNK_SERVER\Server\world\data\surveyor\s.6.1.dat","1650","639259381727010000"
"C:\Minecraft\HORIZONS_CHUNK_SERVER\Server\world\data\surveyor\s.6.2.dat","5849","639259381716010000"
"C:\Minecraft\HORIZONS_CHUNK_SERVER\Server\world\data\surveyor\s.6.3.dat","37963","639259381705010000"
"C:\Minecraft\HORIZONS_CHUNK_SERVER\Server\world\data\surveyor\s.6.4.dat","1764","639259381694010000"
"C:\Minecraft\HORIZONS_CHUNK_SERVER\Server\world\data\surveyor\s.6.5.dat","1676","639259381683010000"
"C:\Minecraft\HORIZONS_CHUNK_SERVER\Server\world\data\surveyor\s.6.6.dat","35044","639259381672010000"
"C:\Minecraft\HORIZONS_CHUNK_SERVER\Server\world\data\surveyor\s.6.7.dat","955","639259381661010000"
"C:\Minecraft\HORIZONS_CHUNK_SERVER\Server\world\data\surveyor\s.7.-1.dat","11157","639259381650010000"
"C:\Minecraft\HORIZONS_CHUNK_SERVER\Server\world\data\surveyor\s.7.-2.dat","9470","639259381639010000"
"C:\Minecraft\HORIZONS_CHUNK_SERVER\Server\world\data\surveyor\s.7.-3.dat","3210","639259381628010000"
"C:\Minecraft\HORIZONS_CHUNK_SERVER\Server\world\data\surveyor\s.7.-4.dat","1870","639259381617010000"
"C:\Minecraft\HORIZONS_CHUNK_SERVER\Server\world\data\surveyor\s.7.-5.dat","6647","639259381606010000"
"C:\Minecraft\HORIZONS_CHUNK_SERVER\Server\world\data\surveyor\s.7.-6.dat","20297","639259381595010000"
"C:\Minecraft\HORIZONS_CHUNK_SERVER\Server\world\data\surveyor\s.7.-7.dat","4256","639259381584010000"
"C:\Minecraft\HORIZONS_CHUNK_SERVER\Server\world\data\surveyor\s.7.0.dat","36108","639259381573010000"
"C:\Minecraft\HORIZONS_CHUNK_SERVER\Server\world\data\surveyor\s.7.1.dat","33485","639259381562010000"
"C:\Minecraft\HORIZONS_CHUNK_SERVER\Server\world\data\surveyor\s.7.2.dat","2874","639259381551010000"
"C:\Minecraft\HORIZONS_CHUNK_SERVER\Server\world\data\surveyor\s.7.3.dat","3991","639259381540010000"
"C:\Minecraft\HORIZONS_CHUNK_SERVER\Server\world\data\surveyor\s.7.4.dat","32450","639259381529010000"
"C:\Minecraft\HORIZONS_CHUNK_SERVER\Server\world\data\surveyor\s.7.5.dat","1291","639259381518010000"
"C:\Minecraft\HORIZONS_CHUNK_SERVER\Server\world\data\surveyor\s.7.6.dat","3908","639259381507010000"
"C:\Minecraft\HORIZONS_CHUNK_SERVER\Server\world\data\surveyor\s.8.-1.dat","39504","639259381496010000"
"C:\Minecraft\HORIZONS_CHUNK_SERVER\Server\world\data\surveyor\s.8.-2.dat","5387","639259381485010000"
"C:\Minecraft\HORIZONS_CHUNK_SERVER\Server\world\data\surveyor\s.8.-3.dat","32058","639259381474010000"
"C:\Minecraft\HORIZONS_CHUNK_SERVER\Server\world\data\surveyor\s.8.-4.dat","2411","639259381463010000"
"C:\Minecraft\HORIZONS_CHUNK_SERVER\Server\world\data\surveyor\s.8.-5.dat","5012","639259381452010000"
"C:\Minecraft\HORIZONS_CHUNK_SERVER\Server\world\data\surveyor\s.8.-6.dat","2224","639259381441010000"
"C:\Minecraft\HORIZONS_CHUNK_SERVER\Server\world\data\surveyor\s.8.0.dat","34894","639259381430010000"
"C:\Minecraft\HORIZONS_CHUNK_SERVER\Server\world\data\surveyor\s.8.1.dat","1565","639259381419010000"
"C:\Minecraft\HORIZONS_CHUNK_SERVER\Server\world\data\surveyor\s.8.2.dat","32940","639259381408010000"
"C:\Minecraft\HORIZONS_CHUNK_SERVER\Server\world\data\surveyor\s.8.3.dat","34793","639259381397010000"
"C:\Minecraft\HORIZONS_CHUNK_SERVER\Server\world\data\surveyor\s.8.4.dat","32033","639259381386010000"
"C:\Minecraft\HORIZONS_CHUNK_SERVER\Server\world\data\surveyor\s.8.5.dat","687","639259381375010000"
"C:\Minecraft\HORIZONS_CHUNK_SERVER\Server\world\data\surveyor\s.9.-1.dat","33687","639259381364010000"
"C:\Minecraft\HORIZONS_CHUNK_SERVER\Server\world\data\surveyor\s.9.-2.dat","1288","639259381353010000"
"C:\Minecraft\HORIZONS_CHUNK_SERVER\Server\world\data\surveyor\s.9.-3.dat","1053","639259381342010000"
"C:\Minecraft\HORIZONS_CHUNK_SERVER\Server\world\data\surveyor\s.9.-4.dat","527","639259381331010000"
"C:\Minecraft\HORIZONS_CHUNK_SERVER\Server\world\data\surveyor\s.9.0.dat","33177","639259381320010000"
"C:\Minecraft\HORIZONS_CHUNK_SERVER\Server\world\data\surveyor\s.9.1.dat","930","639259381309010000"
"C:\Minecraft\HORIZONS_CHUNK_SERVER\Server\world\data\surveyor\s.9.2.dat","1426","639259381298010000"
"C:\Minecraft\HORIZONS_CHUNK_SERVER\Server\world\data\surveyor\s.9.3.dat","298","639259381287010000"
"C:\Minecraft\HORIZONS_CHUNK_SERVER\Server\world\data\surveyor\structures.dat","2635","639259381276010000"
"C:\Minecraft\HORIZONS_CHUNK_SERVER\Server\world\DIM-1\data\cardinal_world_components.dat","49","639259388581370000"
"C:\Minecraft\HORIZONS_CHUNK_SERVER\Server\world\DIM-1\data\chunkloaders_loaded_chunks.dat","91","639259388570370000"
"C:\Minecraft\HORIZONS_CHUNK_SERVER\Server\world\DIM-1\data\DistantHorizons.sqlite","57344","639259388559370000"
"C:\Minecraft\HORIZONS_CHUNK_SERVER\Server\world\DIM-1\data\DistantHorizons.sqlite-shm","32768","639259388548370000"
"C:\Minecraft\HORIZONS_CHUNK_SERVER\Server\world\DIM-1\data\DistantHorizons.sqlite-wal","0","639259388537370000"
"C:\Minecraft\HORIZONS_CHUNK_SERVER\Server\world\DIM-1\data\raids.dat","90","639259388526370000"
"C:\Minecraft\HORIZONS_CHUNK_SERVER\Server\world\DIM1\data\cardinal_world_components.dat","49","639259388581410000"
"C:\Minecraft\HORIZONS_CHUNK_SERVER\Server\world\DIM1\data\chunkloaders_loaded_chunks.dat","91","639259388570410000"
"C:\Minecraft\HORIZONS_CHUNK_SERVER\Server\world\DIM1\data\DistantHorizons.sqlite","57344","639259388559410000"
"C:\Minecraft\HORIZONS_CHUNK_SERVER\Server\world\DIM1\data\DistantHorizons.sqlite-shm","32768","639259388548410000"
"C:\Minecraft\HORIZONS_CHUNK_SERVER\Server\world\DIM1\data\DistantHorizons.sqlite-wal","0","639259388537410000"
"C:\Minecraft\HORIZONS_CHUNK_SERVER\Server\world\DIM1\data\raids_end.dat","90","639259388526410000"
"C:\Minecraft\HORIZONS_CHUNK_SERVER\Server\world\dimensions\deeperdarker\otherside\data\cardinal_world_components.dat","49","639259388581490000"
"C:\Minecraft\HORIZONS_CHUNK_SERVER\Server\world\dimensions\deeperdarker\otherside\data\chunkloaders_loaded_chunks.dat","91","639259388570490000"
"C:\Minecraft\HORIZONS_CHUNK_SERVER\Server\world\dimensions\deeperdarker\otherside\data\DistantHorizons.sqlite","57344","639259388559490000"
"C:\Minecraft\HORIZONS_CHUNK_SERVER\Server\world\dimensions\deeperdarker\otherside\data\DistantHorizons.sqlite-shm","32768","639259388548490000"
"C:\Minecraft\HORIZONS_CHUNK_SERVER\Server\world\dimensions\deeperdarker\otherside\data\DistantHorizons.sqlite-wal","0","639259388537490000"
"C:\Minecraft\HORIZONS_CHUNK_SERVER\Server\world\dimensions\deeperdarker\otherside\data\raids.dat","90","639259388526490000"
"C:\Minecraft\HORIZONS_CHUNK_SERVER\Server\world\dimensions\graveyard\past\data\cardinal_world_components.dat","49","639259388581650000"
"C:\Minecraft\HORIZONS_CHUNK_SERVER\Server\world\dimensions\graveyard\past\data\chunkloaders_loaded_chunks.dat","91","639259388570650000"
"C:\Minecraft\HORIZONS_CHUNK_SERVER\Server\world\dimensions\graveyard\past\data\DistantHorizons.sqlite","57344","639259388559650000"
"C:\Minecraft\HORIZONS_CHUNK_SERVER\Server\world\dimensions\graveyard\past\data\DistantHorizons.sqlite-shm","32768","639259388548650000"
"C:\Minecraft\HORIZONS_CHUNK_SERVER\Server\world\dimensions\graveyard\past\data\DistantHorizons.sqlite-wal","0","639259388537650000"
"C:\Minecraft\HORIZONS_CHUNK_SERVER\Server\world\dimensions\graveyard\past\data\raids.dat","90","639259388526650000"
"C:\Minecraft\HORIZONS_CHUNK_SERVER\Server\world\dimensions\iceandfire\dread_land\data\cardinal_world_components.dat","49","639259388581710000"
"C:\Minecraft\HORIZONS_CHUNK_SERVER\Server\world\dimensions\iceandfire\dread_land\data\chunkloaders_loaded_chunks.dat","91","639259388570710000"
"C:\Minecraft\HORIZONS_CHUNK_SERVER\Server\world\dimensions\iceandfire\dread_land\data\DistantHorizons.sqlite","57344","639259388559710000"
"C:\Minecraft\HORIZONS_CHUNK_SERVER\Server\world\dimensions\iceandfire\dread_land\data\raids.dat","90","639259388548710000"
"C:\Minecraft\HORIZONS_CHUNK_SERVER\Server\world\dimensions\the_bumblezone\the_bumblezone\data\cardinal_world_components.dat","49","639259388581750000"
"C:\Minecraft\HORIZONS_CHUNK_SERVER\Server\world\dimensions\the_bumblezone\the_bumblezone\data\chunkloaders_loaded_chunks.dat","91","639259388570750000"
"C:\Minecraft\HORIZONS_CHUNK_SERVER\Server\world\dimensions\the_bumblezone\the_bumblezone\data\DistantHorizons.sqlite","57344","639259388559750000"
"C:\Minecraft\HORIZONS_CHUNK_SERVER\Server\world\dimensions\the_bumblezone\the_bumblezone\data\DistantHorizons.sqlite-shm","32768","639259388548750000"
"C:\Minecraft\HORIZONS_CHUNK_SERVER\Server\world\dimensions\the_bumblezone\the_bumblezone\data\DistantHorizons.sqlite-wal","0","639259388537750000"
"C:\Minecraft\HORIZONS_CHUNK_SERVER\Server\world\dimensions\the_bumblezone\the_bumblezone\data\raids.dat","90","639259388526750000"
"C:\Minecraft\HORIZONS_CHUNK_SERVER\Server\world\dimensions\voidz\void\data\cardinal_world_components.dat","49","639259388581800000"
"C:\Minecraft\HORIZONS_CHUNK_SERVER\Server\world\dimensions\voidz\void\data\chunkloaders_loaded_chunks.dat","91","639259388570800000"
"C:\Minecraft\HORIZONS_CHUNK_SERVER\Server\world\dimensions\voidz\void\data\DistantHorizons.sqlite","57344","639259388559800000"
"C:\Minecraft\HORIZONS_CHUNK_SERVER\Server\world\dimensions\voidz\void\data\DistantHorizons.sqlite-shm","32768","639259388548800000"
"C:\Minecraft\HORIZONS_CHUNK_SERVER\Server\world\dimensions\voidz\void\data\DistantHorizons.sqlite-wal","0","639259388537800000"
"C:\Minecraft\HORIZONS_CHUNK_SERVER\Server\world\dimensions\voidz\void\data\raids.dat","90","639259388526800000"
"C:\Minecraft\HORIZONS_CHUNK_SERVER\Server\world\entities\r.-1.-1.mca","229376","639259388592830000"
"C:\Minecraft\HORIZONS_CHUNK_SERVER\Server\world\entities\r.-1.-10.mca","176128","639259388581830000"
"C:\Minecraft\HORIZONS_CHUNK_SERVER\Server\world\entities\r.-1.-2.mca","409600","639259388570830000"
"C:\Minecraft\HORIZONS_CHUNK_SERVER\Server\world\entities\r.-1.-3.mca","364544","639259388559830000"
"C:\Minecraft\HORIZONS_CHUNK_SERVER\Server\world\entities\r.-1.-4.mca","712704","639259388548830000"
"C:\Minecraft\HORIZONS_CHUNK_SERVER\Server\world\entities\r.-1.-5.mca","401408","639259388537830000"
"C:\Minecraft\HORIZONS_CHUNK_SERVER\Server\world\entities\r.-1.-6.mca","303104","639259388526830000"
"C:\Minecraft\HORIZONS_CHUNK_SERVER\Server\world\entities\r.-1.-7.mca","221184","639259388515830000"
"C:\Minecraft\HORIZONS_CHUNK_SERVER\Server\world\entities\r.-1.-8.mca","163840","639259388504830000"
"C:\Minecraft\HORIZONS_CHUNK_SERVER\Server\world\entities\r.-1.-9.mca","192512","639259388493830000"
"C:\Minecraft\HORIZONS_CHUNK_SERVER\Server\world\entities\r.-1.0.mca","163840","639259388482830000"
"C:\Minecraft\HORIZONS_CHUNK_SERVER\Server\world\entities\r.-1.1.mca","282624","639259388471830000"
"C:\Minecraft\HORIZONS_CHUNK_SERVER\Server\world\entities\r.-1.2.mca","262144","639259388460830000"
"C:\Minecraft\HORIZONS_CHUNK_SERVER\Server\world\entities\r.-1.3.mca","774144","639259388449830000"
"C:\Minecraft\HORIZONS_CHUNK_SERVER\Server\world\entities\r.-1.4.mca","499712","639259388438830000"
"C:\Minecraft\HORIZONS_CHUNK_SERVER\Server\world\entities\r.-1.5.mca","466944","639259388427830000"
"C:\Minecraft\HORIZONS_CHUNK_SERVER\Server\world\entities\r.-1.6.mca","552960","639259388416830000"
"C:\Minecraft\HORIZONS_CHUNK_SERVER\Server\world\entities\r.-1.7.mca","385024","639259388405830000"
"C:\Minecraft\HORIZONS_CHUNK_SERVER\Server\world\entities\r.-1.8.mca","327680","639259388394830000"
"C:\Minecraft\HORIZONS_CHUNK_SERVER\Server\world\entities\r.-1.9.mca","184320","639259388383830000"
"C:\Minecraft\HORIZONS_CHUNK_SERVER\Server\world\entities\r.-10.-1.mca","438272","639259388372830000"
"C:\Minecraft\HORIZONS_CHUNK_SERVER\Server\world\entities\r.-10.-2.mca","282624","639259388361830000"
"C:\Minecraft\HORIZONS_CHUNK_SERVER\Server\world\entities\r.-10.-3.mca","192512","639259388350830000"
"C:\Minecraft\HORIZONS_CHUNK_SERVER\Server\world\entities\r.-10.-4.mca","57344","639259388339830000"
"C:\Minecraft\HORIZONS_CHUNK_SERVER\Server\world\entities\r.-10.0.mca","364544","639259388328830000"
"C:\Minecraft\HORIZONS_CHUNK_SERVER\Server\world\entities\r.-10.1.mca","167936","639259388317830000"
"C:\Minecraft\HORIZONS_CHUNK_SERVER\Server\world\entities\r.-10.2.mca","106496","639259388306830000"
"C:\Minecraft\HORIZONS_CHUNK_SERVER\Server\world\entities\r.-10.3.mca","36864","639259388295830000"
"C:\Minecraft\HORIZONS_CHUNK_SERVER\Server\world\entities\r.-2.-1.mca","253952","639259388284830000"
"C:\Minecraft\HORIZONS_CHUNK_SERVER\Server\world\entities\r.-2.-10.mca","131072","639259388273830000"
"C:\Minecraft\HORIZONS_CHUNK_SERVER\Server\world\entities\r.-2.-2.mca","446464","639259388262830000"
"C:\Minecraft\HORIZONS_CHUNK_SERVER\Server\world\entities\r.-2.-3.mca","253952","639259388251830000"
"C:\Minecraft\HORIZONS_CHUNK_SERVER\Server\world\entities\r.-2.-4.mca","327680","639259388240830000"
"C:\Minecraft\HORIZONS_CHUNK_SERVER\Server\world\entities\r.-2.-5.mca","475136","639259388229830000"
"C:\Minecraft\HORIZONS_CHUNK_SERVER\Server\world\entities\r.-2.-6.mca","258048","639259388218830000"
"C:\Minecraft\HORIZONS_CHUNK_SERVER\Server\world\entities\r.-2.-7.mca","204800","639259388207830000"
"C:\Minecraft\HORIZONS_CHUNK_SERVER\Server\world\entities\r.-2.-8.mca","253952","639259388196830000"
"C:\Minecraft\HORIZONS_CHUNK_SERVER\Server\world\entities\r.-2.-9.mca","163840","639259388185830000"
"C:\Minecraft\HORIZONS_CHUNK_SERVER\Server\world\entities\r.-2.0.mca","348160","639259388174830000"
"C:\Minecraft\HORIZONS_CHUNK_SERVER\Server\world\entities\r.-2.1.mca","462848","639259388163830000"
"C:\Minecraft\HORIZONS_CHUNK_SERVER\Server\world\entities\r.-2.2.mca","364544","639259388152830000"
"C:\Minecraft\HORIZONS_CHUNK_SERVER\Server\world\entities\r.-2.3.mca","479232","639259388141830000"
"C:\Minecraft\HORIZONS_CHUNK_SERVER\Server\world\entities\r.-2.4.mca","544768","639259388130830000"
"C:\Minecraft\HORIZONS_CHUNK_SERVER\Server\world\entities\r.-2.5.mca","520192","639259388119830000"
"C:\Minecraft\HORIZONS_CHUNK_SERVER\Server\world\entities\r.-2.6.mca","475136","639259388108830000"
"C:\Minecraft\HORIZONS_CHUNK_SERVER\Server\world\entities\r.-2.7.mca","352256","639259388097830000"
"C:\Minecraft\HORIZONS_CHUNK_SERVER\Server\world\entities\r.-2.8.mca","417792","639259388086830000"
"C:\Minecraft\HORIZONS_CHUNK_SERVER\Server\world\entities\r.-2.9.mca","270336","639259388075830000"
"C:\Minecraft\HORIZONS_CHUNK_SERVER\Server\world\entities\r.-3.-1.mca","311296","639259388064830000"
"C:\Minecraft\HORIZONS_CHUNK_SERVER\Server\world\entities\r.-3.-10.mca","114688","639259388053830000"
"C:\Minecraft\HORIZONS_CHUNK_SERVER\Server\world\entities\r.-3.-2.mca","364544","639259388042830000"
"C:\Minecraft\HORIZONS_CHUNK_SERVER\Server\world\entities\r.-3.-3.mca","290816","639259388031830000"
"C:\Minecraft\HORIZONS_CHUNK_SERVER\Server\world\entities\r.-3.-4.mca","372736","639259388020830000"
"C:\Minecraft\HORIZONS_CHUNK_SERVER\Server\world\entities\r.-3.-5.mca","196608","639259388009830000"
"C:\Minecraft\HORIZONS_CHUNK_SERVER\Server\world\entities\r.-3.-6.mca","180224","639259387998830000"
"C:\Minecraft\HORIZONS_CHUNK_SERVER\Server\world\entities\r.-3.-7.mca","212992","639259387987830000"
"C:\Minecraft\HORIZONS_CHUNK_SERVER\Server\world\entities\r.-3.-8.mca","184320","639259387976830000"
"C:\Minecraft\HORIZONS_CHUNK_SERVER\Server\world\entities\r.-3.-9.mca","282624","639259387965830000"
"C:\Minecraft\HORIZONS_CHUNK_SERVER\Server\world\entities\r.-3.0.mca","315392","639259387954830000"
"C:\Minecraft\HORIZONS_CHUNK_SERVER\Server\world\entities\r.-3.1.mca","622592","639259387943830000"
"C:\Minecraft\HORIZONS_CHUNK_SERVER\Server\world\entities\r.-3.2.mca","245760","639259387932830000"
"C:\Minecraft\HORIZONS_CHUNK_SERVER\Server\world\entities\r.-3.3.mca","532480","639259387921830000"
"C:\Minecraft\HORIZONS_CHUNK_SERVER\Server\world\entities\r.-3.4.mca","466944","639259387910830000"
"C:\Minecraft\HORIZONS_CHUNK_SERVER\Server\world\entities\r.-3.5.mca","528384","639259387899830000"
"C:\Minecraft\HORIZONS_CHUNK_SERVER\Server\world\entities\r.-3.6.mca","573440","639259387888830000"
"C:\Minecraft\HORIZONS_CHUNK_SERVER\Server\world\entities\r.-3.7.mca","581632","639259387877830000"
"C:\Minecraft\HORIZONS_CHUNK_SERVER\Server\world\entities\r.-3.8.mca","380928","639259387866830000"
"C:\Minecraft\HORIZONS_CHUNK_SERVER\Server\world\entities\r.-3.9.mca","172032","639259387855830000"
"C:\Minecraft\HORIZONS_CHUNK_SERVER\Server\world\entities\r.-4.-1.mca","159744","639259387844830000"
"C:\Minecraft\HORIZONS_CHUNK_SERVER\Server\world\entities\r.-4.-10.mca","45056","639259387833830000"
"C:\Minecraft\HORIZONS_CHUNK_SERVER\Server\world\entities\r.-4.-2.mca","204800","639259387822830000"
"C:\Minecraft\HORIZONS_CHUNK_SERVER\Server\world\entities\r.-4.-3.mca","536576","639259387811830000"
"C:\Minecraft\HORIZONS_CHUNK_SERVER\Server\world\entities\r.-4.-4.mca","315392","639259387800830000"
"C:\Minecraft\HORIZONS_CHUNK_SERVER\Server\world\entities\r.-4.-5.mca","237568","639259387789830000"
"C:\Minecraft\HORIZONS_CHUNK_SERVER\Server\world\entities\r.-4.-6.mca","204800","639259387778830000"
"C:\Minecraft\HORIZONS_CHUNK_SERVER\Server\world\entities\r.-4.-7.mca","204800","639259387767830000"
"C:\Minecraft\HORIZONS_CHUNK_SERVER\Server\world\entities\r.-4.-8.mca","258048","639259387756830000"
"C:\Minecraft\HORIZONS_CHUNK_SERVER\Server\world\entities\r.-4.-9.mca","204800","639259387745830000"
"C:\Minecraft\HORIZONS_CHUNK_SERVER\Server\world\entities\r.-4.0.mca","167936","639259387734830000"
"C:\Minecraft\HORIZONS_CHUNK_SERVER\Server\world\entities\r.-4.1.mca","151552","639259387723830000"
"C:\Minecraft\HORIZONS_CHUNK_SERVER\Server\world\entities\r.-4.2.mca","196608","639259387712830000"
"C:\Minecraft\HORIZONS_CHUNK_SERVER\Server\world\entities\r.-4.3.mca","626688","639259387701830000"
"C:\Minecraft\HORIZONS_CHUNK_SERVER\Server\world\entities\r.-4.4.mca","319488","639259387690830000"
"C:\Minecraft\HORIZONS_CHUNK_SERVER\Server\world\entities\r.-4.5.mca","458752","639259387679830000"
"C:\Minecraft\HORIZONS_CHUNK_SERVER\Server\world\entities\r.-4.6.mca","503808","639259387668830000"
"C:\Minecraft\HORIZONS_CHUNK_SERVER\Server\world\entities\r.-4.7.mca","299008","639259387657830000"
"C:\Minecraft\HORIZONS_CHUNK_SERVER\Server\world\entities\r.-4.8.mca","229376","639259387646830000"
"C:\Minecraft\HORIZONS_CHUNK_SERVER\Server\world\entities\r.-4.9.mca","12288","639259387635830000"
"C:\Minecraft\HORIZONS_CHUNK_SERVER\Server\world\entities\r.-5.-1.mca","282624","639259387624830000"
"C:\Minecraft\HORIZONS_CHUNK_SERVER\Server\world\entities\r.-5.-2.mca","176128","639259387613830000"
"C:\Minecraft\HORIZONS_CHUNK_SERVER\Server\world\entities\r.-5.-3.mca","237568","639259387602830000"
"C:\Minecraft\HORIZONS_CHUNK_SERVER\Server\world\entities\r.-5.-4.mca","180224","639259387591830000"
"C:\Minecraft\HORIZONS_CHUNK_SERVER\Server\world\entities\r.-5.-5.mca","204800","639259387580830000"
"C:\Minecraft\HORIZONS_CHUNK_SERVER\Server\world\entities\r.-5.-6.mca","249856","639259387569830000"
"C:\Minecraft\HORIZONS_CHUNK_SERVER\Server\world\entities\r.-5.-7.mca","212992","639259387558830000"
"C:\Minecraft\HORIZONS_CHUNK_SERVER\Server\world\entities\r.-5.-8.mca","155648","639259387547830000"
"C:\Minecraft\HORIZONS_CHUNK_SERVER\Server\world\entities\r.-5.-9.mca","131072","639259387536830000"
"C:\Minecraft\HORIZONS_CHUNK_SERVER\Server\world\entities\r.-5.0.mca","258048","639259387525830000"
"C:\Minecraft\HORIZONS_CHUNK_SERVER\Server\world\entities\r.-5.1.mca","434176","639259387514830000"
"C:\Minecraft\HORIZONS_CHUNK_SERVER\Server\world\entities\r.-5.2.mca","167936","639259387503830000"
"C:\Minecraft\HORIZONS_CHUNK_SERVER\Server\world\entities\r.-5.3.mca","245760","639259387492830000"
"C:\Minecraft\HORIZONS_CHUNK_SERVER\Server\world\entities\r.-5.4.mca","258048","639259387481830000"
"C:\Minecraft\HORIZONS_CHUNK_SERVER\Server\world\entities\r.-5.5.mca","303104","639259387470830000"
"C:\Minecraft\HORIZONS_CHUNK_SERVER\Server\world\entities\r.-5.6.mca","299008","639259387459830000"
"C:\Minecraft\HORIZONS_CHUNK_SERVER\Server\world\entities\r.-5.7.mca","253952","639259387448830000"
"C:\Minecraft\HORIZONS_CHUNK_SERVER\Server\world\entities\r.-5.8.mca","192512","639259387437830000"
"C:\Minecraft\HORIZONS_CHUNK_SERVER\Server\world\entities\r.-6.-1.mca","430080","639259387426830000"
"C:\Minecraft\HORIZONS_CHUNK_SERVER\Server\world\entities\r.-6.-2.mca","307200","639259387415830000"
"C:\Minecraft\HORIZONS_CHUNK_SERVER\Server\world\entities\r.-6.-3.mca","204800","639259387404830000"
"C:\Minecraft\HORIZONS_CHUNK_SERVER\Server\world\entities\r.-6.-4.mca","208896","639259387393830000"
"C:\Minecraft\HORIZONS_CHUNK_SERVER\Server\world\entities\r.-6.-5.mca","385024","639259387382830000"
"C:\Minecraft\HORIZONS_CHUNK_SERVER\Server\world\entities\r.-6.-6.mca","425984","639259387371830000"
"C:\Minecraft\HORIZONS_CHUNK_SERVER\Server\world\entities\r.-6.-7.mca","262144","639259387360830000"
"C:\Minecraft\HORIZONS_CHUNK_SERVER\Server\world\entities\r.-6.-8.mca","307200","639259387349830000"
"C:\Minecraft\HORIZONS_CHUNK_SERVER\Server\world\entities\r.-6.-9.mca","24576","639259387338830000"
"C:\Minecraft\HORIZONS_CHUNK_SERVER\Server\world\entities\r.-6.0.mca","368640","639259387327830000"
"C:\Minecraft\HORIZONS_CHUNK_SERVER\Server\world\entities\r.-6.1.mca","430080","639259387316830000"
"C:\Minecraft\HORIZONS_CHUNK_SERVER\Server\world\entities\r.-6.2.mca","823296","639259387305830000"
"C:\Minecraft\HORIZONS_CHUNK_SERVER\Server\world\entities\r.-6.3.mca","507904","639259387294830000"
"C:\Minecraft\HORIZONS_CHUNK_SERVER\Server\world\entities\r.-6.4.mca","196608","639259387283830000"
"C:\Minecraft\HORIZONS_CHUNK_SERVER\Server\world\entities\r.-6.5.mca","188416","639259387272830000"
"C:\Minecraft\HORIZONS_CHUNK_SERVER\Server\world\entities\r.-6.6.mca","528384","639259387261830000"
"C:\Minecraft\HORIZONS_CHUNK_SERVER\Server\world\entities\r.-6.7.mca","249856","639259387250830000"
"C:\Minecraft\HORIZONS_CHUNK_SERVER\Server\world\entities\r.-6.8.mca","32768","639259387239830000"
"C:\Minecraft\HORIZONS_CHUNK_SERVER\Server\world\entities\r.-7.-1.mca","499712","639259387228830000"
"C:\Minecraft\HORIZONS_CHUNK_SERVER\Server\world\entities\r.-7.-2.mca","315392","639259387217830000"
"C:\Minecraft\HORIZONS_CHUNK_SERVER\Server\world\entities\r.-7.-3.mca","380928","639259387206830000"
"C:\Minecraft\HORIZONS_CHUNK_SERVER\Server\world\entities\r.-7.-4.mca","471040","639259387195830000"
"C:\Minecraft\HORIZONS_CHUNK_SERVER\Server\world\entities\r.-7.-5.mca","491520","639259387184830000"
"C:\Minecraft\HORIZONS_CHUNK_SERVER\Server\world\entities\r.-7.-6.mca","643072","639259387173830000"
"C:\Minecraft\HORIZONS_CHUNK_SERVER\Server\world\entities\r.-7.-7.mca","327680","639259387162830000"
"C:\Minecraft\HORIZONS_CHUNK_SERVER\Server\world\entities\r.-7.-8.mca","61440","639259387151830000"
"C:\Minecraft\HORIZONS_CHUNK_SERVER\Server\world\entities\r.-7.0.mca","446464","639259387140830000"
"C:\Minecraft\HORIZONS_CHUNK_SERVER\Server\world\entities\r.-7.1.mca","409600","639259387129830000"
"C:\Minecraft\HORIZONS_CHUNK_SERVER\Server\world\entities\r.-7.2.mca","528384","639259387118830000"
"C:\Minecraft\HORIZONS_CHUNK_SERVER\Server\world\entities\r.-7.3.mca","536576","639259387107830000"
"C:\Minecraft\HORIZONS_CHUNK_SERVER\Server\world\entities\r.-7.4.mca","253952","639259387096830000"
"C:\Minecraft\HORIZONS_CHUNK_SERVER\Server\world\entities\r.-7.5.mca","225280","639259387085830000"
"C:\Minecraft\HORIZONS_CHUNK_SERVER\Server\world\entities\r.-7.6.mca","319488","639259387074830000"
"C:\Minecraft\HORIZONS_CHUNK_SERVER\Server\world\entities\r.-7.7.mca","172032","639259387063830000"
"C:\Minecraft\HORIZONS_CHUNK_SERVER\Server\world\entities\r.-8.-1.mca","466944","639259387052830000"
"C:\Minecraft\HORIZONS_CHUNK_SERVER\Server\world\entities\r.-8.-2.mca","520192","639259387041830000"
"C:\Minecraft\HORIZONS_CHUNK_SERVER\Server\world\entities\r.-8.-3.mca","507904","639259387030830000"
"C:\Minecraft\HORIZONS_CHUNK_SERVER\Server\world\entities\r.-8.-4.mca","421888","639259387019830000"
"C:\Minecraft\HORIZONS_CHUNK_SERVER\Server\world\entities\r.-8.-5.mca","499712","639259387008830000"
"C:\Minecraft\HORIZONS_CHUNK_SERVER\Server\world\entities\r.-8.-6.mca","462848","639259386997830000"
"C:\Minecraft\HORIZONS_CHUNK_SERVER\Server\world\entities\r.-8.-7.mca","94208","639259386986830000"
"C:\Minecraft\HORIZONS_CHUNK_SERVER\Server\world\entities\r.-8.0.mca","376832","639259386975830000"
"C:\Minecraft\HORIZONS_CHUNK_SERVER\Server\world\entities\r.-8.1.mca","577536","639259386964830000"
"C:\Minecraft\HORIZONS_CHUNK_SERVER\Server\world\entities\r.-8.2.mca","401408","639259386953830000"
"C:\Minecraft\HORIZONS_CHUNK_SERVER\Server\world\entities\r.-8.3.mca","389120","639259386942830000"
"C:\Minecraft\HORIZONS_CHUNK_SERVER\Server\world\entities\r.-8.4.mca","167936","639259386931830000"
"C:\Minecraft\HORIZONS_CHUNK_SERVER\Server\world\entities\r.-8.5.mca","192512","639259386920830000"
"C:\Minecraft\HORIZONS_CHUNK_SERVER\Server\world\entities\r.-8.6.mca","94208","639259386909830000"
"C:\Minecraft\HORIZONS_CHUNK_SERVER\Server\world\entities\r.-9.-1.mca","565248","639259386898830000"
"C:\Minecraft\HORIZONS_CHUNK_SERVER\Server\world\entities\r.-9.-2.mca","339968","639259386887830000"
"C:\Minecraft\HORIZONS_CHUNK_SERVER\Server\world\entities\r.-9.-3.mca","548864","639259386876830000"
"C:\Minecraft\HORIZONS_CHUNK_SERVER\Server\world\entities\r.-9.-4.mca","520192","639259386865830000"
"C:\Minecraft\HORIZONS_CHUNK_SERVER\Server\world\entities\r.-9.-5.mca","364544","639259386854830000"
"C:\Minecraft\HORIZONS_CHUNK_SERVER\Server\world\entities\r.-9.-6.mca","98304","639259386843830000"
"C:\Minecraft\HORIZONS_CHUNK_SERVER\Server\world\entities\r.-9.0.mca","450560","639259386832830000"
"C:\Minecraft\HORIZONS_CHUNK_SERVER\Server\world\entities\r.-9.1.mca","348160","639259386821830000"
"C:\Minecraft\HORIZONS_CHUNK_SERVER\Server\world\entities\r.-9.2.mca","360448","639259386810830000"
"C:\Minecraft\HORIZONS_CHUNK_SERVER\Server\world\entities\r.-9.3.mca","278528","639259386799830000"
"C:\Minecraft\HORIZONS_CHUNK_SERVER\Server\world\entities\r.-9.4.mca","94208","639259386788830000"
"C:\Minecraft\HORIZONS_CHUNK_SERVER\Server\world\entities\r.-9.5.mca","20480","639259386777830000"
"C:\Minecraft\HORIZONS_CHUNK_SERVER\Server\world\entities\r.0.-1.mca","139264","639259386766830000"
"C:\Minecraft\HORIZONS_CHUNK_SERVER\Server\world\entities\r.0.-10.mca","274432","639259386755830000"
"C:\Minecraft\HORIZONS_CHUNK_SERVER\Server\world\entities\r.0.-2.mca","425984","639259386744830000"
"C:\Minecraft\HORIZONS_CHUNK_SERVER\Server\world\entities\r.0.-3.mca","364544","639259386733830000"
"C:\Minecraft\HORIZONS_CHUNK_SERVER\Server\world\entities\r.0.-4.mca","606208","639259386722830000"
"C:\Minecraft\HORIZONS_CHUNK_SERVER\Server\world\entities\r.0.-5.mca","700416","639259386711830000"
"C:\Minecraft\HORIZONS_CHUNK_SERVER\Server\world\entities\r.0.-6.mca","552960","639259386700830000"
"C:\Minecraft\HORIZONS_CHUNK_SERVER\Server\world\entities\r.0.-7.mca","262144","639259386689830000"
"C:\Minecraft\HORIZONS_CHUNK_SERVER\Server\world\entities\r.0.-8.mca","204800","639259386678830000"
"C:\Minecraft\HORIZONS_CHUNK_SERVER\Server\world\entities\r.0.-9.mca","221184","639259386667830000"
"C:\Minecraft\HORIZONS_CHUNK_SERVER\Server\world\entities\r.0.0.mca","253952","639259386656830000"
"C:\Minecraft\HORIZONS_CHUNK_SERVER\Server\world\entities\r.0.1.mca","544768","639259386645830000"
"C:\Minecraft\HORIZONS_CHUNK_SERVER\Server\world\entities\r.0.2.mca","438272","639259386634830000"
"C:\Minecraft\HORIZONS_CHUNK_SERVER\Server\world\entities\r.0.3.mca","450560","639259386623830000"
"C:\Minecraft\HORIZONS_CHUNK_SERVER\Server\world\entities\r.0.4.mca","405504","639259386612830000"
"C:\Minecraft\HORIZONS_CHUNK_SERVER\Server\world\entities\r.0.5.mca","430080","639259386601830000"
"C:\Minecraft\HORIZONS_CHUNK_SERVER\Server\world\entities\r.0.6.mca","385024","639259386590830000"
"C:\Minecraft\HORIZONS_CHUNK_SERVER\Server\world\entities\r.0.7.mca","348160","639259386579830000"
"C:\Minecraft\HORIZONS_CHUNK_SERVER\Server\world\entities\r.0.8.mca","364544","639259386568830000"
"C:\Minecraft\HORIZONS_CHUNK_SERVER\Server\world\entities\r.0.9.mca","241664","639259386557830000"
"C:\Minecraft\HORIZONS_CHUNK_SERVER\Server\world\entities\r.1.-1.mca","151552","639259386546830000"
"C:\Minecraft\HORIZONS_CHUNK_SERVER\Server\world\entities\r.1.-10.mca","176128","639259386535830000"
"C:\Minecraft\HORIZONS_CHUNK_SERVER\Server\world\entities\r.1.-2.mca","323584","639259386524830000"
"C:\Minecraft\HORIZONS_CHUNK_SERVER\Server\world\entities\r.1.-3.mca","331776","639259386513830000"
"C:\Minecraft\HORIZONS_CHUNK_SERVER\Server\world\entities\r.1.-4.mca","421888","639259386502830000"
"C:\Minecraft\HORIZONS_CHUNK_SERVER\Server\world\entities\r.1.-5.mca","282624","639259386491830000"
"C:\Minecraft\HORIZONS_CHUNK_SERVER\Server\world\entities\r.1.-6.mca","397312","639259386480830000"
"C:\Minecraft\HORIZONS_CHUNK_SERVER\Server\world\entities\r.1.-7.mca","270336","639259386469830000"
"C:\Minecraft\HORIZONS_CHUNK_SERVER\Server\world\entities\r.1.-8.mca","241664","639259386458830000"
"C:\Minecraft\HORIZONS_CHUNK_SERVER\Server\world\entities\r.1.-9.mca","225280","639259386447830000"
"C:\Minecraft\HORIZONS_CHUNK_SERVER\Server\world\entities\r.1.0.mca","184320","639259386436830000"
"C:\Minecraft\HORIZONS_CHUNK_SERVER\Server\world\entities\r.1.1.mca","172032","639259386425830000"
"C:\Minecraft\HORIZONS_CHUNK_SERVER\Server\world\entities\r.1.2.mca","512000","639259386414830000"
"C:\Minecraft\HORIZONS_CHUNK_SERVER\Server\world\entities\r.1.3.mca","462848","639259386403830000"
"C:\Minecraft\HORIZONS_CHUNK_SERVER\Server\world\entities\r.1.4.mca","217088","639259386392830000"
"C:\Minecraft\HORIZONS_CHUNK_SERVER\Server\world\entities\r.1.5.mca","471040","639259386381830000"
"C:\Minecraft\HORIZONS_CHUNK_SERVER\Server\world\entities\r.1.6.mca","548864","639259386370830000"
"C:\Minecraft\HORIZONS_CHUNK_SERVER\Server\world\entities\r.1.7.mca","454656","639259386359830000"
"C:\Minecraft\HORIZONS_CHUNK_SERVER\Server\world\entities\r.1.8.mca","475136","639259386348830000"
"C:\Minecraft\HORIZONS_CHUNK_SERVER\Server\world\entities\r.1.9.mca","225280","639259386337830000"
"C:\Minecraft\HORIZONS_CHUNK_SERVER\Server\world\entities\r.2.-1.mca","258048","639259386326830000"
"C:\Minecraft\HORIZONS_CHUNK_SERVER\Server\world\entities\r.2.-10.mca","114688","639259386315830000"
"C:\Minecraft\HORIZONS_CHUNK_SERVER\Server\world\entities\r.2.-2.mca","483328","639259386304830000"
"C:\Minecraft\HORIZONS_CHUNK_SERVER\Server\world\entities\r.2.-3.mca","401408","639259386293830000"
"C:\Minecraft\HORIZONS_CHUNK_SERVER\Server\world\entities\r.2.-4.mca","356352","639259386282830000"
"C:\Minecraft\HORIZONS_CHUNK_SERVER\Server\world\entities\r.2.-5.mca","196608","639259386271830000"
"C:\Minecraft\HORIZONS_CHUNK_SERVER\Server\world\entities\r.2.-6.mca","217088","639259386260830000"
"C:\Minecraft\HORIZONS_CHUNK_SERVER\Server\world\entities\r.2.-7.mca","258048","639259386249830000"
"C:\Minecraft\HORIZONS_CHUNK_SERVER\Server\world\entities\r.2.-8.mca","233472","639259386238830000"
"C:\Minecraft\HORIZONS_CHUNK_SERVER\Server\world\entities\r.2.-9.mca","278528","639259386227830000"
"C:\Minecraft\HORIZONS_CHUNK_SERVER\Server\world\entities\r.2.0.mca","245760","639259386216830000"
"C:\Minecraft\HORIZONS_CHUNK_SERVER\Server\world\entities\r.2.1.mca","90112","639259386205830000"
"C:\Minecraft\HORIZONS_CHUNK_SERVER\Server\world\entities\r.2.2.mca","200704","639259386194830000"
"C:\Minecraft\HORIZONS_CHUNK_SERVER\Server\world\entities\r.2.3.mca","258048","639259386183830000"
"C:\Minecraft\HORIZONS_CHUNK_SERVER\Server\world\entities\r.2.4.mca","385024","639259386172830000"
"C:\Minecraft\HORIZONS_CHUNK_SERVER\Server\world\entities\r.2.5.mca","438272","639259386161830000"
"C:\Minecraft\HORIZONS_CHUNK_SERVER\Server\world\entities\r.2.6.mca","491520","639259386150830000"
"C:\Minecraft\HORIZONS_CHUNK_SERVER\Server\world\entities\r.2.7.mca","450560","639259386139830000"
"C:\Minecraft\HORIZONS_CHUNK_SERVER\Server\world\entities\r.2.8.mca","393216","639259386128830000"
"C:\Minecraft\HORIZONS_CHUNK_SERVER\Server\world\entities\r.2.9.mca","241664","639259386117830000"
"C:\Minecraft\HORIZONS_CHUNK_SERVER\Server\world\entities\r.3.-1.mca","229376","639259386106830000"
"C:\Minecraft\HORIZONS_CHUNK_SERVER\Server\world\entities\r.3.-10.mca","45056","639259386095830000"
"C:\Minecraft\HORIZONS_CHUNK_SERVER\Server\world\entities\r.3.-2.mca","323584","639259386084830000"
"C:\Minecraft\HORIZONS_CHUNK_SERVER\Server\world\entities\r.3.-3.mca","376832","639259386073830000"
"C:\Minecraft\HORIZONS_CHUNK_SERVER\Server\world\entities\r.3.-4.mca","303104","639259386062830000"
"C:\Minecraft\HORIZONS_CHUNK_SERVER\Server\world\entities\r.3.-5.mca","487424","639259386051830000"
"C:\Minecraft\HORIZONS_CHUNK_SERVER\Server\world\entities\r.3.-6.mca","339968","639259386040830000"
"C:\Minecraft\HORIZONS_CHUNK_SERVER\Server\world\entities\r.3.-7.mca","258048","639259386029830000"
"C:\Minecraft\HORIZONS_CHUNK_SERVER\Server\world\entities\r.3.-8.mca","262144","639259386018830000"
"C:\Minecraft\HORIZONS_CHUNK_SERVER\Server\world\entities\r.3.-9.mca","311296","639259386007830000"
"C:\Minecraft\HORIZONS_CHUNK_SERVER\Server\world\entities\r.3.0.mca","335872","639259385996830000"
"C:\Minecraft\HORIZONS_CHUNK_SERVER\Server\world\entities\r.3.1.mca","204800","639259385985830000"
"C:\Minecraft\HORIZONS_CHUNK_SERVER\Server\world\entities\r.3.2.mca","274432","639259385974830000"
"C:\Minecraft\HORIZONS_CHUNK_SERVER\Server\world\entities\r.3.3.mca","229376","639259385963830000"
"C:\Minecraft\HORIZONS_CHUNK_SERVER\Server\world\entities\r.3.4.mca","192512","639259385952830000"
"C:\Minecraft\HORIZONS_CHUNK_SERVER\Server\world\entities\r.3.5.mca","274432","639259385941830000"
"C:\Minecraft\HORIZONS_CHUNK_SERVER\Server\world\entities\r.3.6.mca","200704","639259385930830000"
"C:\Minecraft\HORIZONS_CHUNK_SERVER\Server\world\entities\r.3.7.mca","212992","639259385919830000"
"C:\Minecraft\HORIZONS_CHUNK_SERVER\Server\world\entities\r.3.8.mca","565248","639259385908830000"
"C:\Minecraft\HORIZONS_CHUNK_SERVER\Server\world\entities\r.3.9.mca","102400","639259385897830000"
"C:\Minecraft\HORIZONS_CHUNK_SERVER\Server\world\entities\r.4.-1.mca","233472","639259385886830000"
"C:\Minecraft\HORIZONS_CHUNK_SERVER\Server\world\entities\r.4.-2.mca","221184","639259385875830000"
"C:\Minecraft\HORIZONS_CHUNK_SERVER\Server\world\entities\r.4.-3.mca","139264","639259385864830000"
"C:\Minecraft\HORIZONS_CHUNK_SERVER\Server\world\entities\r.4.-4.mca","315392","639259385853830000"
"C:\Minecraft\HORIZONS_CHUNK_SERVER\Server\world\entities\r.4.-5.mca","282624","639259385842830000"
"C:\Minecraft\HORIZONS_CHUNK_SERVER\Server\world\entities\r.4.-6.mca","438272","639259385831830000"
"C:\Minecraft\HORIZONS_CHUNK_SERVER\Server\world\entities\r.4.-7.mca","376832","639259385820830000"
"C:\Minecraft\HORIZONS_CHUNK_SERVER\Server\world\entities\r.4.-8.mca","135168","639259385809830000"
"C:\Minecraft\HORIZONS_CHUNK_SERVER\Server\world\entities\r.4.-9.mca","114688","639259385798830000"
"C:\Minecraft\HORIZONS_CHUNK_SERVER\Server\world\entities\r.4.0.mca","348160","639259385787830000"
"C:\Minecraft\HORIZONS_CHUNK_SERVER\Server\world\entities\r.4.1.mca","360448","639259385776830000"
"C:\Minecraft\HORIZONS_CHUNK_SERVER\Server\world\entities\r.4.2.mca","303104","639259385765830000"
"C:\Minecraft\HORIZONS_CHUNK_SERVER\Server\world\entities\r.4.3.mca","184320","639259385754830000"
"C:\Minecraft\HORIZONS_CHUNK_SERVER\Server\world\entities\r.4.4.mca","290816","639259385743830000"
"C:\Minecraft\HORIZONS_CHUNK_SERVER\Server\world\entities\r.4.5.mca","200704","639259385732830000"
"C:\Minecraft\HORIZONS_CHUNK_SERVER\Server\world\entities\r.4.6.mca","229376","639259385721830000"
"C:\Minecraft\HORIZONS_CHUNK_SERVER\Server\world\entities\r.4.7.mca","159744","639259385710830000"
"C:\Minecraft\HORIZONS_CHUNK_SERVER\Server\world\entities\r.4.8.mca","102400","639259385699830000"
"C:\Minecraft\HORIZONS_CHUNK_SERVER\Server\world\entities\r.5.-1.mca","253952","639259385688830000"
"C:\Minecraft\HORIZONS_CHUNK_SERVER\Server\world\entities\r.5.-2.mca","290816","639259385677830000"
"C:\Minecraft\HORIZONS_CHUNK_SERVER\Server\world\entities\r.5.-3.mca","188416","639259385666830000"
"C:\Minecraft\HORIZONS_CHUNK_SERVER\Server\world\entities\r.5.-4.mca","163840","639259385655830000"
"C:\Minecraft\HORIZONS_CHUNK_SERVER\Server\world\entities\r.5.-5.mca","172032","639259385644830000"
"C:\Minecraft\HORIZONS_CHUNK_SERVER\Server\world\entities\r.5.-6.mca","327680","639259385633830000"
"C:\Minecraft\HORIZONS_CHUNK_SERVER\Server\world\entities\r.5.-7.mca","450560","639259385622830000"
"C:\Minecraft\HORIZONS_CHUNK_SERVER\Server\world\entities\r.5.-8.mca","155648","639259385611830000"
"C:\Minecraft\HORIZONS_CHUNK_SERVER\Server\world\entities\r.5.-9.mca","12288","639259385600830000"
"C:\Minecraft\HORIZONS_CHUNK_SERVER\Server\world\entities\r.5.0.mca","335872","639259385589830000"
"C:\Minecraft\HORIZONS_CHUNK_SERVER\Server\world\entities\r.5.1.mca","344064","639259385578830000"
"C:\Minecraft\HORIZONS_CHUNK_SERVER\Server\world\entities\r.5.2.mca","286720","639259385567830000"
"C:\Minecraft\HORIZONS_CHUNK_SERVER\Server\world\entities\r.5.3.mca","196608","639259385556830000"
"C:\Minecraft\HORIZONS_CHUNK_SERVER\Server\world\entities\r.5.4.mca","208896","639259385545830000"
"C:\Minecraft\HORIZONS_CHUNK_SERVER\Server\world\entities\r.5.5.mca","155648","639259385534830000"
"C:\Minecraft\HORIZONS_CHUNK_SERVER\Server\world\entities\r.5.6.mca","192512","639259385523830000"
"C:\Minecraft\HORIZONS_CHUNK_SERVER\Server\world\entities\r.5.7.mca","192512","639259385512830000"
"C:\Minecraft\HORIZONS_CHUNK_SERVER\Server\world\entities\r.5.8.mca","77824","639259385501830000"
"C:\Minecraft\HORIZONS_CHUNK_SERVER\Server\world\entities\r.6.-1.mca","204800","639259385490830000"
"C:\Minecraft\HORIZONS_CHUNK_SERVER\Server\world\entities\r.6.-2.mca","466944","639259385479830000"
"C:\Minecraft\HORIZONS_CHUNK_SERVER\Server\world\entities\r.6.-3.mca","299008","639259385468830000"
"C:\Minecraft\HORIZONS_CHUNK_SERVER\Server\world\entities\r.6.-4.mca","159744","639259385457830000"
"C:\Minecraft\HORIZONS_CHUNK_SERVER\Server\world\entities\r.6.-5.mca","180224","639259385446830000"
"C:\Minecraft\HORIZONS_CHUNK_SERVER\Server\world\entities\r.6.-6.mca","348160","639259385435830000"
"C:\Minecraft\HORIZONS_CHUNK_SERVER\Server\world\entities\r.6.-7.mca","339968","639259385424830000"
"C:\Minecraft\HORIZONS_CHUNK_SERVER\Server\world\entities\r.6.-8.mca","65536","639259385413830000"
"C:\Minecraft\HORIZONS_CHUNK_SERVER\Server\world\entities\r.6.0.mca","258048","639259385402830000"
"C:\Minecraft\HORIZONS_CHUNK_SERVER\Server\world\entities\r.6.1.mca","163840","639259385391830000"
"C:\Minecraft\HORIZONS_CHUNK_SERVER\Server\world\entities\r.6.2.mca","368640","639259385380830000"
"C:\Minecraft\HORIZONS_CHUNK_SERVER\Server\world\entities\r.6.3.mca","266240","639259385369830000"
"C:\Minecraft\HORIZONS_CHUNK_SERVER\Server\world\entities\r.6.4.mca","225280","639259385358830000"
"C:\Minecraft\HORIZONS_CHUNK_SERVER\Server\world\entities\r.6.5.mca","143360","639259385347830000"
"C:\Minecraft\HORIZONS_CHUNK_SERVER\Server\world\entities\r.6.6.mca","253952","639259385336830000"
"C:\Minecraft\HORIZONS_CHUNK_SERVER\Server\world\entities\r.6.7.mca","65536","639259385325830000"
"C:\Minecraft\HORIZONS_CHUNK_SERVER\Server\world\entities\r.7.-1.mca","401408","639259385314830000"
"C:\Minecraft\HORIZONS_CHUNK_SERVER\Server\world\entities\r.7.-2.mca","327680","639259385303830000"
"C:\Minecraft\HORIZONS_CHUNK_SERVER\Server\world\entities\r.7.-3.mca","237568","639259385292830000"
"C:\Minecraft\HORIZONS_CHUNK_SERVER\Server\world\entities\r.7.-4.mca","217088","639259385281830000"
"C:\Minecraft\HORIZONS_CHUNK_SERVER\Server\world\entities\r.7.-5.mca","360448","639259385270830000"
"C:\Minecraft\HORIZONS_CHUNK_SERVER\Server\world\entities\r.7.-6.mca","430080","639259385259830000"
"C:\Minecraft\HORIZONS_CHUNK_SERVER\Server\world\entities\r.7.-7.mca","114688","639259385248830000"
"C:\Minecraft\HORIZONS_CHUNK_SERVER\Server\world\entities\r.7.0.mca","315392","639259385237830000"
"C:\Minecraft\HORIZONS_CHUNK_SERVER\Server\world\entities\r.7.1.mca","147456","639259385226830000"
"C:\Minecraft\HORIZONS_CHUNK_SERVER\Server\world\entities\r.7.2.mca","143360","639259385215830000"
"C:\Minecraft\HORIZONS_CHUNK_SERVER\Server\world\entities\r.7.3.mca","237568","639259385204830000"
"C:\Minecraft\HORIZONS_CHUNK_SERVER\Server\world\entities\r.7.4.mca","192512","639259385193830000"
"C:\Minecraft\HORIZONS_CHUNK_SERVER\Server\world\entities\r.7.5.mca","212992","639259385182830000"
"C:\Minecraft\HORIZONS_CHUNK_SERVER\Server\world\entities\r.7.6.mca","32768","639259385171830000"
"C:\Minecraft\HORIZONS_CHUNK_SERVER\Server\world\entities\r.8.-1.mca","348160","639259385160830000"
"C:\Minecraft\HORIZONS_CHUNK_SERVER\Server\world\entities\r.8.-2.mca","376832","639259385149830000"
"C:\Minecraft\HORIZONS_CHUNK_SERVER\Server\world\entities\r.8.-3.mca","311296","639259385138830000"
"C:\Minecraft\HORIZONS_CHUNK_SERVER\Server\world\entities\r.8.-4.mca","245760","639259385127830000"
"C:\Minecraft\HORIZONS_CHUNK_SERVER\Server\world\entities\r.8.-5.mca","188416","639259385116830000"
"C:\Minecraft\HORIZONS_CHUNK_SERVER\Server\world\entities\r.8.-6.mca","81920","639259385105830000"
"C:\Minecraft\HORIZONS_CHUNK_SERVER\Server\world\entities\r.8.0.mca","249856","639259385094830000"
"C:\Minecraft\HORIZONS_CHUNK_SERVER\Server\world\entities\r.8.1.mca","135168","639259385083830000"
"C:\Minecraft\HORIZONS_CHUNK_SERVER\Server\world\entities\r.8.2.mca","217088","639259385072830000"
"C:\Minecraft\HORIZONS_CHUNK_SERVER\Server\world\entities\r.8.3.mca","249856","639259385061830000"
"C:\Minecraft\HORIZONS_CHUNK_SERVER\Server\world\entities\r.8.4.mca","159744","639259385050830000"
"C:\Minecraft\HORIZONS_CHUNK_SERVER\Server\world\entities\r.8.5.mca","36864","639259385039830000"
"C:\Minecraft\HORIZONS_CHUNK_SERVER\Server\world\entities\r.9.-1.mca","270336","639259385028830000"
"C:\Minecraft\HORIZONS_CHUNK_SERVER\Server\world\entities\r.9.-2.mca","135168","639259385017830000"
"C:\Minecraft\HORIZONS_CHUNK_SERVER\Server\world\entities\r.9.-3.mca","98304","639259385006830000"
"C:\Minecraft\HORIZONS_CHUNK_SERVER\Server\world\entities\r.9.-4.mca","28672","639259384995830000"
"C:\Minecraft\HORIZONS_CHUNK_SERVER\Server\world\entities\r.9.0.mca","200704","639259384984830000"
"C:\Minecraft\HORIZONS_CHUNK_SERVER\Server\world\entities\r.9.1.mca","143360","639259384973830000"
"C:\Minecraft\HORIZONS_CHUNK_SERVER\Server\world\entities\r.9.2.mca","94208","639259384962830000"
"C:\Minecraft\HORIZONS_CHUNK_SERVER\Server\world\entities\r.9.3.mca","24576","639259384951830000"
"C:\Minecraft\HORIZONS_CHUNK_SERVER\Server\world\playerdata\1fd8dedc-00f8-4992-8f9f-ea91bec552ac.dat","2023","639259388593820000"
"C:\Minecraft\HORIZONS_CHUNK_SERVER\Server\world\playerdata\1fd8dedc-00f8-4992-8f9f-ea91bec552ac.dat_old","2025","639259388582820000"
"C:\Minecraft\HORIZONS_CHUNK_SERVER\Server\world\poi\r.-1.-1.mca","131072","639259388593940000"
"C:\Minecraft\HORIZONS_CHUNK_SERVER\Server\world\poi\r.-1.-10.mca","40960","639259388582940000"
"C:\Minecraft\HORIZONS_CHUNK_SERVER\Server\world\poi\r.-1.-11.mca","0","639259388571940000"
"C:\Minecraft\HORIZONS_CHUNK_SERVER\Server\world\poi\r.-1.-2.mca","233472","639259388560940000"
"C:\Minecraft\HORIZONS_CHUNK_SERVER\Server\world\poi\r.-1.-3.mca","282624","639259388549940000"
"C:\Minecraft\HORIZONS_CHUNK_SERVER\Server\world\poi\r.-1.-4.mca","487424","639259388538940000"
"C:\Minecraft\HORIZONS_CHUNK_SERVER\Server\world\poi\r.-1.-5.mca","286720","639259388527940000"
"C:\Minecraft\HORIZONS_CHUNK_SERVER\Server\world\poi\r.-1.-6.mca","180224","639259388516940000"
"C:\Minecraft\HORIZONS_CHUNK_SERVER\Server\world\poi\r.-1.-7.mca","77824","639259388505940000"
"C:\Minecraft\HORIZONS_CHUNK_SERVER\Server\world\poi\r.-1.-8.mca","0","639259388494940000"
"C:\Minecraft\HORIZONS_CHUNK_SERVER\Server\world\poi\r.-1.-9.mca","0","639259388483940000"
"C:\Minecraft\HORIZONS_CHUNK_SERVER\Server\world\poi\r.-1.0.mca","69632","639259388472940000"
"C:\Minecraft\HORIZONS_CHUNK_SERVER\Server\world\poi\r.-1.1.mca","167936","639259388461940000"
"C:\Minecraft\HORIZONS_CHUNK_SERVER\Server\world\poi\r.-1.10.mca","0","639259388450940000"
"C:\Minecraft\HORIZONS_CHUNK_SERVER\Server\world\poi\r.-1.2.mca","221184","639259388439940000"
"C:\Minecraft\HORIZONS_CHUNK_SERVER\Server\world\poi\r.-1.3.mca","446464","639259388428940000"
"C:\Minecraft\HORIZONS_CHUNK_SERVER\Server\world\poi\r.-1.4.mca","282624","639259388417940000"
"C:\Minecraft\HORIZONS_CHUNK_SERVER\Server\world\poi\r.-1.5.mca","319488","639259388406940000"
"C:\Minecraft\HORIZONS_CHUNK_SERVER\Server\world\poi\r.-1.6.mca","409600","639259388395940000"
"C:\Minecraft\HORIZONS_CHUNK_SERVER\Server\world\poi\r.-1.7.mca","221184","639259388384940000"
"C:\Minecraft\HORIZONS_CHUNK_SERVER\Server\world\poi\r.-1.8.mca","356352","639259388373940000"
"C:\Minecraft\HORIZONS_CHUNK_SERVER\Server\world\poi\r.-1.9.mca","372736","639259388362940000"
"C:\Minecraft\HORIZONS_CHUNK_SERVER\Server\world\poi\r.-10.-1.mca","237568","639259388351940000"
"C:\Minecraft\HORIZONS_CHUNK_SERVER\Server\world\poi\r.-10.-2.mca","131072","639259388340940000"
"C:\Minecraft\HORIZONS_CHUNK_SERVER\Server\world\poi\r.-10.-3.mca","118784","639259388329940000"
"C:\Minecraft\HORIZONS_CHUNK_SERVER\Server\world\poi\r.-10.-4.mca","40960","639259388318940000"
"C:\Minecraft\HORIZONS_CHUNK_SERVER\Server\world\poi\r.-10.-5.mca","0","639259388307940000"
"C:\Minecraft\HORIZONS_CHUNK_SERVER\Server\world\poi\r.-10.0.mca","286720","639259388296940000"
"C:\Minecraft\HORIZONS_CHUNK_SERVER\Server\world\poi\r.-10.1.mca","0","639259388285940000"
"C:\Minecraft\HORIZONS_CHUNK_SERVER\Server\world\poi\r.-10.2.mca","45056","639259388274940000"
"C:\Minecraft\HORIZONS_CHUNK_SERVER\Server\world\poi\r.-10.3.mca","53248","639259388263940000"
"C:\Minecraft\HORIZONS_CHUNK_SERVER\Server\world\poi\r.-10.4.mca","0","639259388252940000"
"C:\Minecraft\HORIZONS_CHUNK_SERVER\Server\world\poi\r.-11.-1.mca","0","639259388241940000"
"C:\Minecraft\HORIZONS_CHUNK_SERVER\Server\world\poi\r.-11.-2.mca","0","639259388230940000"
"C:\Minecraft\HORIZONS_CHUNK_SERVER\Server\world\poi\r.-11.0.mca","0","639259388219940000"
"C:\Minecraft\HORIZONS_CHUNK_SERVER\Server\world\poi\r.-11.1.mca","0","639259388208940000"
"C:\Minecraft\HORIZONS_CHUNK_SERVER\Server\world\poi\r.-2.-1.mca","155648","639259388197940000"
"C:\Minecraft\HORIZONS_CHUNK_SERVER\Server\world\poi\r.-2.-10.mca","69632","639259388186940000"
"C:\Minecraft\HORIZONS_CHUNK_SERVER\Server\world\poi\r.-2.-11.mca","0","639259388175940000"
"C:\Minecraft\HORIZONS_CHUNK_SERVER\Server\world\poi\r.-2.-2.mca","450560","639259388164940000"
"C:\Minecraft\HORIZONS_CHUNK_SERVER\Server\world\poi\r.-2.-3.mca","233472","639259388153940000"
"C:\Minecraft\HORIZONS_CHUNK_SERVER\Server\world\poi\r.-2.-4.mca","208896","639259388142940000"
"C:\Minecraft\HORIZONS_CHUNK_SERVER\Server\world\poi\r.-2.-5.mca","106496","639259388131940000"
"C:\Minecraft\HORIZONS_CHUNK_SERVER\Server\world\poi\r.-2.-6.mca","139264","639259388120940000"
"C:\Minecraft\HORIZONS_CHUNK_SERVER\Server\world\poi\r.-2.-7.mca","32768","639259388109940000"
"C:\Minecraft\HORIZONS_CHUNK_SERVER\Server\world\poi\r.-2.-8.mca","32768","639259388098940000"
"C:\Minecraft\HORIZONS_CHUNK_SERVER\Server\world\poi\r.-2.-9.mca","32768","639259388087940000"
"C:\Minecraft\HORIZONS_CHUNK_SERVER\Server\world\poi\r.-2.0.mca","262144","639259388076940000"
"C:\Minecraft\HORIZONS_CHUNK_SERVER\Server\world\poi\r.-2.1.mca","159744","639259388065940000"
"C:\Minecraft\HORIZONS_CHUNK_SERVER\Server\world\poi\r.-2.10.mca","0","639259388054940000"
"C:\Minecraft\HORIZONS_CHUNK_SERVER\Server\world\poi\r.-2.2.mca","241664","639259388043940000"
"C:\Minecraft\HORIZONS_CHUNK_SERVER\Server\world\poi\r.-2.3.mca","294912","639259388032940000"
"C:\Minecraft\HORIZONS_CHUNK_SERVER\Server\world\poi\r.-2.4.mca","184320","639259388021940000"
"C:\Minecraft\HORIZONS_CHUNK_SERVER\Server\world\poi\r.-2.5.mca","315392","639259388010940000"
"C:\Minecraft\HORIZONS_CHUNK_SERVER\Server\world\poi\r.-2.6.mca","339968","639259387999940000"
"C:\Minecraft\HORIZONS_CHUNK_SERVER\Server\world\poi\r.-2.7.mca","122880","639259387988940000"
"C:\Minecraft\HORIZONS_CHUNK_SERVER\Server\world\poi\r.-2.8.mca","372736","639259387977940000"
"C:\Minecraft\HORIZONS_CHUNK_SERVER\Server\world\poi\r.-2.9.mca","143360","639259387966940000"
"C:\Minecraft\HORIZONS_CHUNK_SERVER\Server\world\poi\r.-3.-1.mca","135168","639259387955940000"
"C:\Minecraft\HORIZONS_CHUNK_SERVER\Server\world\poi\r.-3.-10.mca","0","639259387944940000"
"C:\Minecraft\HORIZONS_CHUNK_SERVER\Server\world\poi\r.-3.-2.mca","212992","639259387933940000"
"C:\Minecraft\HORIZONS_CHUNK_SERVER\Server\world\poi\r.-3.-3.mca","335872","639259387922940000"
"C:\Minecraft\HORIZONS_CHUNK_SERVER\Server\world\poi\r.-3.-4.mca","335872","639259387911940000"
"C:\Minecraft\HORIZONS_CHUNK_SERVER\Server\world\poi\r.-3.-5.mca","20480","639259387900940000"
"C:\Minecraft\HORIZONS_CHUNK_SERVER\Server\world\poi\r.-3.-6.mca","0","639259387889940000"
"C:\Minecraft\HORIZONS_CHUNK_SERVER\Server\world\poi\r.-3.-7.mca","0","639259387878940000"
"C:\Minecraft\HORIZONS_CHUNK_SERVER\Server\world\poi\r.-3.-8.mca","12288","639259387867940000"
"C:\Minecraft\HORIZONS_CHUNK_SERVER\Server\world\poi\r.-3.-9.mca","16384","639259387856940000"
"C:\Minecraft\HORIZONS_CHUNK_SERVER\Server\world\poi\r.-3.0.mca","126976","639259387845940000"
"C:\Minecraft\HORIZONS_CHUNK_SERVER\Server\world\poi\r.-3.1.mca","237568","639259387834940000"
"C:\Minecraft\HORIZONS_CHUNK_SERVER\Server\world\poi\r.-3.2.mca","237568","639259387823940000"
"C:\Minecraft\HORIZONS_CHUNK_SERVER\Server\world\poi\r.-3.3.mca","385024","639259387812940000"
"C:\Minecraft\HORIZONS_CHUNK_SERVER\Server\world\poi\r.-3.4.mca","221184","639259387801940000"
"C:\Minecraft\HORIZONS_CHUNK_SERVER\Server\world\poi\r.-3.5.mca","442368","639259387790940000"
"C:\Minecraft\HORIZONS_CHUNK_SERVER\Server\world\poi\r.-3.6.mca","360448","639259387779940000"
"C:\Minecraft\HORIZONS_CHUNK_SERVER\Server\world\poi\r.-3.7.mca","319488","639259387768940000"
"C:\Minecraft\HORIZONS_CHUNK_SERVER\Server\world\poi\r.-3.8.mca","286720","639259387757940000"
"C:\Minecraft\HORIZONS_CHUNK_SERVER\Server\world\poi\r.-3.9.mca","139264","639259387746940000"
"C:\Minecraft\HORIZONS_CHUNK_SERVER\Server\world\poi\r.-4.-1.mca","0","639259387735940000"
"C:\Minecraft\HORIZONS_CHUNK_SERVER\Server\world\poi\r.-4.-10.mca","0","639259387724940000"
"C:\Minecraft\HORIZONS_CHUNK_SERVER\Server\world\poi\r.-4.-2.mca","57344","639259387713940000"
"C:\Minecraft\HORIZONS_CHUNK_SERVER\Server\world\poi\r.-4.-3.mca","118784","639259387702940000"
"C:\Minecraft\HORIZONS_CHUNK_SERVER\Server\world\poi\r.-4.-4.mca","110592","639259387691940000"
"C:\Minecraft\HORIZONS_CHUNK_SERVER\Server\world\poi\r.-4.-5.mca","0","639259387680940000"
"C:\Minecraft\HORIZONS_CHUNK_SERVER\Server\world\poi\r.-4.-6.mca","24576","639259387669940000"
"C:\Minecraft\HORIZONS_CHUNK_SERVER\Server\world\poi\r.-4.-7.mca","12288","639259387658940000"
"C:\Minecraft\HORIZONS_CHUNK_SERVER\Server\world\poi\r.-4.-8.mca","24576","639259387647940000"
"C:\Minecraft\HORIZONS_CHUNK_SERVER\Server\world\poi\r.-4.-9.mca","122880","639259387636940000"
"C:\Minecraft\HORIZONS_CHUNK_SERVER\Server\world\poi\r.-4.0.mca","0","639259387625940000"
"C:\Minecraft\HORIZONS_CHUNK_SERVER\Server\world\poi\r.-4.1.mca","94208","639259387614940000"
"C:\Minecraft\HORIZONS_CHUNK_SERVER\Server\world\poi\r.-4.2.mca","45056","639259387603940000"
"C:\Minecraft\HORIZONS_CHUNK_SERVER\Server\world\poi\r.-4.3.mca","385024","639259387592940000"
"C:\Minecraft\HORIZONS_CHUNK_SERVER\Server\world\poi\r.-4.4.mca","176128","639259387581940000"
"C:\Minecraft\HORIZONS_CHUNK_SERVER\Server\world\poi\r.-4.5.mca","479232","639259387570940000"
"C:\Minecraft\HORIZONS_CHUNK_SERVER\Server\world\poi\r.-4.6.mca","471040","639259387559940000"
"C:\Minecraft\HORIZONS_CHUNK_SERVER\Server\world\poi\r.-4.7.mca","237568","639259387548940000"
"C:\Minecraft\HORIZONS_CHUNK_SERVER\Server\world\poi\r.-4.8.mca","24576","639259387537940000"
"C:\Minecraft\HORIZONS_CHUNK_SERVER\Server\world\poi\r.-4.9.mca","0","639259387526940000"
"C:\Minecraft\HORIZONS_CHUNK_SERVER\Server\world\poi\r.-5.-1.mca","53248","639259387515940000"
"C:\Minecraft\HORIZONS_CHUNK_SERVER\Server\world\poi\r.-5.-10.mca","0","639259387504940000"
"C:\Minecraft\HORIZONS_CHUNK_SERVER\Server\world\poi\r.-5.-2.mca","32768","639259387493940000"
"C:\Minecraft\HORIZONS_CHUNK_SERVER\Server\world\poi\r.-5.-3.mca","0","639259387482940000"
"C:\Minecraft\HORIZONS_CHUNK_SERVER\Server\world\poi\r.-5.-4.mca","0","639259387471940000"
"C:\Minecraft\HORIZONS_CHUNK_SERVER\Server\world\poi\r.-5.-5.mca","180224","639259387460940000"
"C:\Minecraft\HORIZONS_CHUNK_SERVER\Server\world\poi\r.-5.-6.mca","204800","639259387449940000"
"C:\Minecraft\HORIZONS_CHUNK_SERVER\Server\world\poi\r.-5.-7.mca","73728","639259387438940000"
"C:\Minecraft\HORIZONS_CHUNK_SERVER\Server\world\poi\r.-5.-8.mca","0","639259387427940000"
"C:\Minecraft\HORIZONS_CHUNK_SERVER\Server\world\poi\r.-5.-9.mca","24576","639259387416940000"
"C:\Minecraft\HORIZONS_CHUNK_SERVER\Server\world\poi\r.-5.0.mca","122880","639259387405940000"
"C:\Minecraft\HORIZONS_CHUNK_SERVER\Server\world\poi\r.-5.1.mca","184320","639259387394940000"
"C:\Minecraft\HORIZONS_CHUNK_SERVER\Server\world\poi\r.-5.2.mca","69632","639259387383940000"
"C:\Minecraft\HORIZONS_CHUNK_SERVER\Server\world\poi\r.-5.3.mca","184320","639259387372940000"
"C:\Minecraft\HORIZONS_CHUNK_SERVER\Server\world\poi\r.-5.4.mca","126976","639259387361940000"
"C:\Minecraft\HORIZONS_CHUNK_SERVER\Server\world\poi\r.-5.5.mca","167936","639259387350940000"
"C:\Minecraft\HORIZONS_CHUNK_SERVER\Server\world\poi\r.-5.6.mca","90112","639259387339940000"
"C:\Minecraft\HORIZONS_CHUNK_SERVER\Server\world\poi\r.-5.7.mca","36864","639259387328940000"
"C:\Minecraft\HORIZONS_CHUNK_SERVER\Server\world\poi\r.-5.8.mca","16384","639259387317940000"
"C:\Minecraft\HORIZONS_CHUNK_SERVER\Server\world\poi\r.-5.9.mca","0","639259387306940000"
"C:\Minecraft\HORIZONS_CHUNK_SERVER\Server\world\poi\r.-6.-1.mca","319488","639259387295940000"
"C:\Minecraft\HORIZONS_CHUNK_SERVER\Server\world\poi\r.-6.-2.mca","106496","639259387284940000"
"C:\Minecraft\HORIZONS_CHUNK_SERVER\Server\world\poi\r.-6.-3.mca","143360","639259387273940000"
"C:\Minecraft\HORIZONS_CHUNK_SERVER\Server\world\poi\r.-6.-4.mca","122880","639259387262940000"
"C:\Minecraft\HORIZONS_CHUNK_SERVER\Server\world\poi\r.-6.-5.mca","237568","639259387251940000"
"C:\Minecraft\HORIZONS_CHUNK_SERVER\Server\world\poi\r.-6.-6.mca","290816","639259387240940000"
"C:\Minecraft\HORIZONS_CHUNK_SERVER\Server\world\poi\r.-6.-7.mca","176128","639259387229940000"
"C:\Minecraft\HORIZONS_CHUNK_SERVER\Server\world\poi\r.-6.-8.mca","28672","639259387218940000"
"C:\Minecraft\HORIZONS_CHUNK_SERVER\Server\world\poi\r.-6.-9.mca","0","639259387207940000"
"C:\Minecraft\HORIZONS_CHUNK_SERVER\Server\world\poi\r.-6.0.mca","339968","639259387196940000"
"C:\Minecraft\HORIZONS_CHUNK_SERVER\Server\world\poi\r.-6.1.mca","184320","639259387185940000"
"C:\Minecraft\HORIZONS_CHUNK_SERVER\Server\world\poi\r.-6.2.mca","413696","639259387174940000"
"C:\Minecraft\HORIZONS_CHUNK_SERVER\Server\world\poi\r.-6.3.mca","303104","639259387163940000"
"C:\Minecraft\HORIZONS_CHUNK_SERVER\Server\world\poi\r.-6.4.mca","135168","639259387152940000"
"C:\Minecraft\HORIZONS_CHUNK_SERVER\Server\world\poi\r.-6.5.mca","147456","639259387141940000"
"C:\Minecraft\HORIZONS_CHUNK_SERVER\Server\world\poi\r.-6.6.mca","417792","639259387130940000"
"C:\Minecraft\HORIZONS_CHUNK_SERVER\Server\world\poi\r.-6.7.mca","180224","639259387119940000"
"C:\Minecraft\HORIZONS_CHUNK_SERVER\Server\world\poi\r.-6.8.mca","0","639259387108940000"
"C:\Minecraft\HORIZONS_CHUNK_SERVER\Server\world\poi\r.-7.-1.mca","278528","639259387097940000"
"C:\Minecraft\HORIZONS_CHUNK_SERVER\Server\world\poi\r.-7.-2.mca","188416","639259387086940000"
"C:\Minecraft\HORIZONS_CHUNK_SERVER\Server\world\poi\r.-7.-3.mca","323584","639259387075940000"
"C:\Minecraft\HORIZONS_CHUNK_SERVER\Server\world\poi\r.-7.-4.mca","368640","639259387064940000"
"C:\Minecraft\HORIZONS_CHUNK_SERVER\Server\world\poi\r.-7.-5.mca","204800","639259387053940000"
"C:\Minecraft\HORIZONS_CHUNK_SERVER\Server\world\poi\r.-7.-6.mca","389120","639259387042940000"
"C:\Minecraft\HORIZONS_CHUNK_SERVER\Server\world\poi\r.-7.-7.mca","380928","639259387031940000"
"C:\Minecraft\HORIZONS_CHUNK_SERVER\Server\world\poi\r.-7.-8.mca","32768","639259387020940000"
"C:\Minecraft\HORIZONS_CHUNK_SERVER\Server\world\poi\r.-7.-9.mca","0","639259387009940000"
"C:\Minecraft\HORIZONS_CHUNK_SERVER\Server\world\poi\r.-7.0.mca","274432","639259386998940000"
"C:\Minecraft\HORIZONS_CHUNK_SERVER\Server\world\poi\r.-7.1.mca","147456","639259386987940000"
"C:\Minecraft\HORIZONS_CHUNK_SERVER\Server\world\poi\r.-7.2.mca","401408","639259386976940000"
"C:\Minecraft\HORIZONS_CHUNK_SERVER\Server\world\poi\r.-7.3.mca","278528","639259386965940000"
"C:\Minecraft\HORIZONS_CHUNK_SERVER\Server\world\poi\r.-7.4.mca","147456","639259386954940000"
"C:\Minecraft\HORIZONS_CHUNK_SERVER\Server\world\poi\r.-7.5.mca","16384","639259386943940000"
"C:\Minecraft\HORIZONS_CHUNK_SERVER\Server\world\poi\r.-7.6.mca","126976","639259386932940000"
"C:\Minecraft\HORIZONS_CHUNK_SERVER\Server\world\poi\r.-7.7.mca","122880","639259386921940000"
"C:\Minecraft\HORIZONS_CHUNK_SERVER\Server\world\poi\r.-7.8.mca","0","639259386910940000"
"C:\Minecraft\HORIZONS_CHUNK_SERVER\Server\world\poi\r.-8.-1.mca","360448","639259386899940000"
"C:\Minecraft\HORIZONS_CHUNK_SERVER\Server\world\poi\r.-8.-2.mca","401408","639259386888940000"
"C:\Minecraft\HORIZONS_CHUNK_SERVER\Server\world\poi\r.-8.-3.mca","229376","639259386877940000"
"C:\Minecraft\HORIZONS_CHUNK_SERVER\Server\world\poi\r.-8.-4.mca","278528","639259386866940000"
"C:\Minecraft\HORIZONS_CHUNK_SERVER\Server\world\poi\r.-8.-5.mca","286720","639259386855940000"
"C:\Minecraft\HORIZONS_CHUNK_SERVER\Server\world\poi\r.-8.-6.mca","290816","639259386844940000"
"C:\Minecraft\HORIZONS_CHUNK_SERVER\Server\world\poi\r.-8.-7.mca","45056","639259386833940000"
"C:\Minecraft\HORIZONS_CHUNK_SERVER\Server\world\poi\r.-8.-8.mca","0","639259386822940000"
"C:\Minecraft\HORIZONS_CHUNK_SERVER\Server\world\poi\r.-8.0.mca","245760","639259386811940000"
"C:\Minecraft\HORIZONS_CHUNK_SERVER\Server\world\poi\r.-8.1.mca","196608","639259386800940000"
"C:\Minecraft\HORIZONS_CHUNK_SERVER\Server\world\poi\r.-8.2.mca","151552","639259386789940000"
"C:\Minecraft\HORIZONS_CHUNK_SERVER\Server\world\poi\r.-8.3.mca","331776","639259386778940000"
"C:\Minecraft\HORIZONS_CHUNK_SERVER\Server\world\poi\r.-8.4.mca","40960","639259386767940000"
"C:\Minecraft\HORIZONS_CHUNK_SERVER\Server\world\poi\r.-8.5.mca","131072","639259386756940000"
"C:\Minecraft\HORIZONS_CHUNK_SERVER\Server\world\poi\r.-8.6.mca","16384","639259386745940000"
"C:\Minecraft\HORIZONS_CHUNK_SERVER\Server\world\poi\r.-8.7.mca","0","639259386734940000"
"C:\Minecraft\HORIZONS_CHUNK_SERVER\Server\world\poi\r.-9.-1.mca","421888","639259386723940000"
"C:\Minecraft\HORIZONS_CHUNK_SERVER\Server\world\poi\r.-9.-2.mca","286720","639259386712940000"
"C:\Minecraft\HORIZONS_CHUNK_SERVER\Server\world\poi\r.-9.-3.mca","352256","639259386701940000"
"C:\Minecraft\HORIZONS_CHUNK_SERVER\Server\world\poi\r.-9.-4.mca","368640","639259386690940000"
"C:\Minecraft\HORIZONS_CHUNK_SERVER\Server\world\poi\r.-9.-5.mca","151552","639259386679940000"
"C:\Minecraft\HORIZONS_CHUNK_SERVER\Server\world\poi\r.-9.-6.mca","114688","639259386668940000"
"C:\Minecraft\HORIZONS_CHUNK_SERVER\Server\world\poi\r.-9.-7.mca","0","639259386657940000"
"C:\Minecraft\HORIZONS_CHUNK_SERVER\Server\world\poi\r.-9.0.mca","237568","639259386646940000"
"C:\Minecraft\HORIZONS_CHUNK_SERVER\Server\world\poi\r.-9.1.mca","159744","639259386635940000"
"C:\Minecraft\HORIZONS_CHUNK_SERVER\Server\world\poi\r.-9.2.mca","323584","639259386624940000"
"C:\Minecraft\HORIZONS_CHUNK_SERVER\Server\world\poi\r.-9.3.mca","225280","639259386613940000"
"C:\Minecraft\HORIZONS_CHUNK_SERVER\Server\world\poi\r.-9.4.mca","61440","639259386602940000"
"C:\Minecraft\HORIZONS_CHUNK_SERVER\Server\world\poi\r.-9.5.mca","16384","639259386591940000"
"C:\Minecraft\HORIZONS_CHUNK_SERVER\Server\world\poi\r.-9.6.mca","0","639259386580940000"
"C:\Minecraft\HORIZONS_CHUNK_SERVER\Server\world\poi\r.0.-1.mca","16384","639259386569940000"
"C:\Minecraft\HORIZONS_CHUNK_SERVER\Server\world\poi\r.0.-10.mca","69632","639259386558940000"
"C:\Minecraft\HORIZONS_CHUNK_SERVER\Server\world\poi\r.0.-11.mca","0","639259386547940000"
"C:\Minecraft\HORIZONS_CHUNK_SERVER\Server\world\poi\r.0.-2.mca","172032","639259386536940000"
"C:\Minecraft\HORIZONS_CHUNK_SERVER\Server\world\poi\r.0.-3.mca","245760","639259386525940000"
"C:\Minecraft\HORIZONS_CHUNK_SERVER\Server\world\poi\r.0.-4.mca","528384","639259386514940000"
"C:\Minecraft\HORIZONS_CHUNK_SERVER\Server\world\poi\r.0.-5.mca","454656","639259386503940000"
"C:\Minecraft\HORIZONS_CHUNK_SERVER\Server\world\poi\r.0.-6.mca","446464","639259386492940000"
"C:\Minecraft\HORIZONS_CHUNK_SERVER\Server\world\poi\r.0.-7.mca","163840","639259386481940000"
"C:\Minecraft\HORIZONS_CHUNK_SERVER\Server\world\poi\r.0.-8.mca","151552","639259386470940000"
"C:\Minecraft\HORIZONS_CHUNK_SERVER\Server\world\poi\r.0.-9.mca","32768","639259386459940000"
"C:\Minecraft\HORIZONS_CHUNK_SERVER\Server\world\poi\r.0.0.mca","176128","639259386448940000"
"C:\Minecraft\HORIZONS_CHUNK_SERVER\Server\world\poi\r.0.1.mca","155648","639259386437940000"
"C:\Minecraft\HORIZONS_CHUNK_SERVER\Server\world\poi\r.0.10.mca","0","639259386426940000"
"C:\Minecraft\HORIZONS_CHUNK_SERVER\Server\world\poi\r.0.2.mca","258048","639259386415940000"
"C:\Minecraft\HORIZONS_CHUNK_SERVER\Server\world\poi\r.0.3.mca","319488","639259386404940000"
"C:\Minecraft\HORIZONS_CHUNK_SERVER\Server\world\poi\r.0.4.mca","200704","639259386393940000"
"C:\Minecraft\HORIZONS_CHUNK_SERVER\Server\world\poi\r.0.5.mca","405504","639259386382940000"
"C:\Minecraft\HORIZONS_CHUNK_SERVER\Server\world\poi\r.0.6.mca","278528","639259386371940000"
"C:\Minecraft\HORIZONS_CHUNK_SERVER\Server\world\poi\r.0.7.mca","319488","639259386360940000"
"C:\Minecraft\HORIZONS_CHUNK_SERVER\Server\world\poi\r.0.8.mca","249856","639259386349940000"
"C:\Minecraft\HORIZONS_CHUNK_SERVER\Server\world\poi\r.0.9.mca","217088","639259386338940000"
"C:\Minecraft\HORIZONS_CHUNK_SERVER\Server\world\poi\r.1.-1.mca","90112","639259386327940000"
"C:\Minecraft\HORIZONS_CHUNK_SERVER\Server\world\poi\r.1.-10.mca","69632","639259386316940000"
"C:\Minecraft\HORIZONS_CHUNK_SERVER\Server\world\poi\r.1.-11.mca","0","639259386305940000"
"C:\Minecraft\HORIZONS_CHUNK_SERVER\Server\world\poi\r.1.-2.mca","90112","639259386294940000"
"C:\Minecraft\HORIZONS_CHUNK_SERVER\Server\world\poi\r.1.-3.mca","167936","639259386283940000"
"C:\Minecraft\HORIZONS_CHUNK_SERVER\Server\world\poi\r.1.-4.mca","212992","639259386272940000"
"C:\Minecraft\HORIZONS_CHUNK_SERVER\Server\world\poi\r.1.-5.mca","143360","639259386261940000"
"C:\Minecraft\HORIZONS_CHUNK_SERVER\Server\world\poi\r.1.-6.mca","348160","639259386250940000"
"C:\Minecraft\HORIZONS_CHUNK_SERVER\Server\world\poi\r.1.-7.mca","176128","639259386239940000"
"C:\Minecraft\HORIZONS_CHUNK_SERVER\Server\world\poi\r.1.-8.mca","36864","639259386228940000"
"C:\Minecraft\HORIZONS_CHUNK_SERVER\Server\world\poi\r.1.-9.mca","32768","639259386217940000"
"C:\Minecraft\HORIZONS_CHUNK_SERVER\Server\world\poi\r.1.0.mca","0","639259386206940000"
"C:\Minecraft\HORIZONS_CHUNK_SERVER\Server\world\poi\r.1.1.mca","0","639259386195940000"
"C:\Minecraft\HORIZONS_CHUNK_SERVER\Server\world\poi\r.1.10.mca","0","639259386184940000"
"C:\Minecraft\HORIZONS_CHUNK_SERVER\Server\world\poi\r.1.2.mca","364544","639259386173940000"
"C:\Minecraft\HORIZONS_CHUNK_SERVER\Server\world\poi\r.1.3.mca","258048","639259386162940000"
"C:\Minecraft\HORIZONS_CHUNK_SERVER\Server\world\poi\r.1.4.mca","90112","639259386151940000"
"C:\Minecraft\HORIZONS_CHUNK_SERVER\Server\world\poi\r.1.5.mca","356352","639259386140940000"
"C:\Minecraft\HORIZONS_CHUNK_SERVER\Server\world\poi\r.1.6.mca","360448","639259386129940000"
"C:\Minecraft\HORIZONS_CHUNK_SERVER\Server\world\poi\r.1.7.mca","180224","639259386118940000"
"C:\Minecraft\HORIZONS_CHUNK_SERVER\Server\world\poi\r.1.8.mca","266240","639259386107940000"
"C:\Minecraft\HORIZONS_CHUNK_SERVER\Server\world\poi\r.1.9.mca","184320","639259386096940000"
"C:\Minecraft\HORIZONS_CHUNK_SERVER\Server\world\poi\r.10.-1.mca","0","639259386085940000"
"C:\Minecraft\HORIZONS_CHUNK_SERVER\Server\world\poi\r.10.-2.mca","0","639259386074940000"
"C:\Minecraft\HORIZONS_CHUNK_SERVER\Server\world\poi\r.10.0.mca","0","639259386063940000"
"C:\Minecraft\HORIZONS_CHUNK_SERVER\Server\world\poi\r.10.1.mca","0","639259386052940000"
"C:\Minecraft\HORIZONS_CHUNK_SERVER\Server\world\poi\r.2.-1.mca","200704","639259386041940000"
"C:\Minecraft\HORIZONS_CHUNK_SERVER\Server\world\poi\r.2.-10.mca","131072","639259386030940000"
"C:\Minecraft\HORIZONS_CHUNK_SERVER\Server\world\poi\r.2.-2.mca","221184","639259386019940000"
"C:\Minecraft\HORIZONS_CHUNK_SERVER\Server\world\poi\r.2.-3.mca","237568","639259386008940000"
"C:\Minecraft\HORIZONS_CHUNK_SERVER\Server\world\poi\r.2.-4.mca","282624","639259385997940000"
"C:\Minecraft\HORIZONS_CHUNK_SERVER\Server\world\poi\r.2.-5.mca","196608","639259385986940000"
"C:\Minecraft\HORIZONS_CHUNK_SERVER\Server\world\poi\r.2.-6.mca","307200","639259385975940000"
"C:\Minecraft\HORIZONS_CHUNK_SERVER\Server\world\poi\r.2.-7.mca","163840","639259385964940000"
"C:\Minecraft\HORIZONS_CHUNK_SERVER\Server\world\poi\r.2.-8.mca","57344","639259385953940000"
"C:\Minecraft\HORIZONS_CHUNK_SERVER\Server\world\poi\r.2.-9.mca","188416","639259385942940000"
"C:\Minecraft\HORIZONS_CHUNK_SERVER\Server\world\poi\r.2.0.mca","57344","639259385931940000"
"C:\Minecraft\HORIZONS_CHUNK_SERVER\Server\world\poi\r.2.1.mca","0","639259385920940000"
"C:\Minecraft\HORIZONS_CHUNK_SERVER\Server\world\poi\r.2.2.mca","81920","639259385909940000"
"C:\Minecraft\HORIZONS_CHUNK_SERVER\Server\world\poi\r.2.3.mca","172032","639259385898940000"
"C:\Minecraft\HORIZONS_CHUNK_SERVER\Server\world\poi\r.2.4.mca","237568","639259385887940000"
"C:\Minecraft\HORIZONS_CHUNK_SERVER\Server\world\poi\r.2.5.mca","368640","639259385876940000"
"C:\Minecraft\HORIZONS_CHUNK_SERVER\Server\world\poi\r.2.6.mca","425984","639259385865940000"
"C:\Minecraft\HORIZONS_CHUNK_SERVER\Server\world\poi\r.2.7.mca","176128","639259385854940000"
"C:\Minecraft\HORIZONS_CHUNK_SERVER\Server\world\poi\r.2.8.mca","229376","639259385843940000"
"C:\Minecraft\HORIZONS_CHUNK_SERVER\Server\world\poi\r.2.9.mca","200704","639259385832940000"
"C:\Minecraft\HORIZONS_CHUNK_SERVER\Server\world\poi\r.3.-1.mca","131072","639259385821940000"
"C:\Minecraft\HORIZONS_CHUNK_SERVER\Server\world\poi\r.3.-10.mca","57344","639259385810940000"
"C:\Minecraft\HORIZONS_CHUNK_SERVER\Server\world\poi\r.3.-2.mca","294912","639259385799940000"
"C:\Minecraft\HORIZONS_CHUNK_SERVER\Server\world\poi\r.3.-3.mca","352256","639259385788940000"
"C:\Minecraft\HORIZONS_CHUNK_SERVER\Server\world\poi\r.3.-4.mca","352256","639259385777940000"
"C:\Minecraft\HORIZONS_CHUNK_SERVER\Server\world\poi\r.3.-5.mca","286720","639259385766940000"
"C:\Minecraft\HORIZONS_CHUNK_SERVER\Server\world\poi\r.3.-6.mca","233472","639259385755940000"
"C:\Minecraft\HORIZONS_CHUNK_SERVER\Server\world\poi\r.3.-7.mca","258048","639259385744940000"
"C:\Minecraft\HORIZONS_CHUNK_SERVER\Server\world\poi\r.3.-8.mca","126976","639259385733940000"
"C:\Minecraft\HORIZONS_CHUNK_SERVER\Server\world\poi\r.3.-9.mca","282624","639259385722940000"
"C:\Minecraft\HORIZONS_CHUNK_SERVER\Server\world\poi\r.3.0.mca","0","639259385711940000"
"C:\Minecraft\HORIZONS_CHUNK_SERVER\Server\world\poi\r.3.1.mca","0","639259385700940000"
"C:\Minecraft\HORIZONS_CHUNK_SERVER\Server\world\poi\r.3.2.mca","24576","639259385689940000"
"C:\Minecraft\HORIZONS_CHUNK_SERVER\Server\world\poi\r.3.3.mca","20480","639259385678940000"
"C:\Minecraft\HORIZONS_CHUNK_SERVER\Server\world\poi\r.3.4.mca","77824","639259385667940000"
"C:\Minecraft\HORIZONS_CHUNK_SERVER\Server\world\poi\r.3.5.mca","106496","639259385656940000"
"C:\Minecraft\HORIZONS_CHUNK_SERVER\Server\world\poi\r.3.6.mca","118784","639259385645940000"
"C:\Minecraft\HORIZONS_CHUNK_SERVER\Server\world\poi\r.3.7.mca","106496","639259385634940000"
"C:\Minecraft\HORIZONS_CHUNK_SERVER\Server\world\poi\r.3.8.mca","442368","639259385623940000"
"C:\Minecraft\HORIZONS_CHUNK_SERVER\Server\world\poi\r.3.9.mca","98304","639259385612940000"
"C:\Minecraft\HORIZONS_CHUNK_SERVER\Server\world\poi\r.4.-1.mca","163840","639259385601940000"
"C:\Minecraft\HORIZONS_CHUNK_SERVER\Server\world\poi\r.4.-10.mca","0","639259385590940000"
"C:\Minecraft\HORIZONS_CHUNK_SERVER\Server\world\poi\r.4.-2.mca","212992","639259385579940000"
"C:\Minecraft\HORIZONS_CHUNK_SERVER\Server\world\poi\r.4.-3.mca","65536","639259385568940000"
"C:\Minecraft\HORIZONS_CHUNK_SERVER\Server\world\poi\r.4.-4.mca","20480","639259385557940000"
"C:\Minecraft\HORIZONS_CHUNK_SERVER\Server\world\poi\r.4.-5.mca","188416","639259385546940000"
"C:\Minecraft\HORIZONS_CHUNK_SERVER\Server\world\poi\r.4.-6.mca","311296","639259385535940000"
"C:\Minecraft\HORIZONS_CHUNK_SERVER\Server\world\poi\r.4.-7.mca","311296","639259385524940000"
"C:\Minecraft\HORIZONS_CHUNK_SERVER\Server\world\poi\r.4.-8.mca","20480","639259385513940000"
"C:\Minecraft\HORIZONS_CHUNK_SERVER\Server\world\poi\r.4.-9.mca","49152","639259385502940000"
"C:\Minecraft\HORIZONS_CHUNK_SERVER\Server\world\poi\r.4.0.mca","135168","639259385491940000"
"C:\Minecraft\HORIZONS_CHUNK_SERVER\Server\world\poi\r.4.1.mca","200704","639259385480940000"
"C:\Minecraft\HORIZONS_CHUNK_SERVER\Server\world\poi\r.4.2.mca","32768","639259385469940000"
"C:\Minecraft\HORIZONS_CHUNK_SERVER\Server\world\poi\r.4.3.mca","16384","639259385458940000"
"C:\Minecraft\HORIZONS_CHUNK_SERVER\Server\world\poi\r.4.4.mca","24576","639259385447940000"
"C:\Minecraft\HORIZONS_CHUNK_SERVER\Server\world\poi\r.4.5.mca","12288","639259385436940000"
"C:\Minecraft\HORIZONS_CHUNK_SERVER\Server\world\poi\r.4.6.mca","32768","639259385425940000"
"C:\Minecraft\HORIZONS_CHUNK_SERVER\Server\world\poi\r.4.7.mca","0","639259385414940000"
"C:\Minecraft\HORIZONS_CHUNK_SERVER\Server\world\poi\r.4.8.mca","20480","639259385403940000"
"C:\Minecraft\HORIZONS_CHUNK_SERVER\Server\world\poi\r.4.9.mca","0","639259385392940000"
"C:\Minecraft\HORIZONS_CHUNK_SERVER\Server\world\poi\r.5.-1.mca","40960","639259385381940000"
"C:\Minecraft\HORIZONS_CHUNK_SERVER\Server\world\poi\r.5.-2.mca","69632","639259385370940000"
"C:\Minecraft\HORIZONS_CHUNK_SERVER\Server\world\poi\r.5.-3.mca","20480","639259385359940000"
"C:\Minecraft\HORIZONS_CHUNK_SERVER\Server\world\poi\r.5.-4.mca","98304","639259385348940000"
"C:\Minecraft\HORIZONS_CHUNK_SERVER\Server\world\poi\r.5.-5.mca","16384","639259385337940000"
"C:\Minecraft\HORIZONS_CHUNK_SERVER\Server\world\poi\r.5.-6.mca","372736","639259385326940000"
"C:\Minecraft\HORIZONS_CHUNK_SERVER\Server\world\poi\r.5.-7.mca","262144","639259385315940000"
"C:\Minecraft\HORIZONS_CHUNK_SERVER\Server\world\poi\r.5.-8.mca","98304","639259385304940000"
"C:\Minecraft\HORIZONS_CHUNK_SERVER\Server\world\poi\r.5.-9.mca","0","639259385293940000"
"C:\Minecraft\HORIZONS_CHUNK_SERVER\Server\world\poi\r.5.0.mca","266240","639259385282940000"
"C:\Minecraft\HORIZONS_CHUNK_SERVER\Server\world\poi\r.5.1.mca","155648","639259385271940000"
"C:\Minecraft\HORIZONS_CHUNK_SERVER\Server\world\poi\r.5.2.mca","151552","639259385260940000"
"C:\Minecraft\HORIZONS_CHUNK_SERVER\Server\world\poi\r.5.3.mca","12288","639259385249940000"
"C:\Minecraft\HORIZONS_CHUNK_SERVER\Server\world\poi\r.5.4.mca","126976","639259385238940000"
"C:\Minecraft\HORIZONS_CHUNK_SERVER\Server\world\poi\r.5.5.mca","139264","639259385227940000"
"C:\Minecraft\HORIZONS_CHUNK_SERVER\Server\world\poi\r.5.6.mca","0","639259385216940000"
"C:\Minecraft\HORIZONS_CHUNK_SERVER\Server\world\poi\r.5.7.mca","0","639259385205940000"
"C:\Minecraft\HORIZONS_CHUNK_SERVER\Server\world\poi\r.5.8.mca","102400","639259385194940000"
"C:\Minecraft\HORIZONS_CHUNK_SERVER\Server\world\poi\r.6.-1.mca","81920","639259385183940000"
"C:\Minecraft\HORIZONS_CHUNK_SERVER\Server\world\poi\r.6.-2.mca","327680","639259385172940000"
"C:\Minecraft\HORIZONS_CHUNK_SERVER\Server\world\poi\r.6.-3.mca","167936","639259385161940000"
"C:\Minecraft\HORIZONS_CHUNK_SERVER\Server\world\poi\r.6.-4.mca","16384","639259385150940000"
"C:\Minecraft\HORIZONS_CHUNK_SERVER\Server\world\poi\r.6.-5.mca","36864","639259385139940000"
"C:\Minecraft\HORIZONS_CHUNK_SERVER\Server\world\poi\r.6.-6.mca","319488","639259385128940000"
"C:\Minecraft\HORIZONS_CHUNK_SERVER\Server\world\poi\r.6.-7.mca","389120","639259385117940000"
"C:\Minecraft\HORIZONS_CHUNK_SERVER\Server\world\poi\r.6.-8.mca","12288","639259385106940000"
"C:\Minecraft\HORIZONS_CHUNK_SERVER\Server\world\poi\r.6.-9.mca","0","639259385095940000"
"C:\Minecraft\HORIZONS_CHUNK_SERVER\Server\world\poi\r.6.0.mca","24576","639259385084940000"
"C:\Minecraft\HORIZONS_CHUNK_SERVER\Server\world\poi\r.6.1.mca","16384","639259385073940000"
"C:\Minecraft\HORIZONS_CHUNK_SERVER\Server\world\poi\r.6.2.mca","282624","639259385062940000"
"C:\Minecraft\HORIZONS_CHUNK_SERVER\Server\world\poi\r.6.3.mca","212992","639259385051940000"
"C:\Minecraft\HORIZONS_CHUNK_SERVER\Server\world\poi\r.6.4.mca","32768","639259385040940000"
"C:\Minecraft\HORIZONS_CHUNK_SERVER\Server\world\poi\r.6.5.mca","24576","639259385029940000"
"C:\Minecraft\HORIZONS_CHUNK_SERVER\Server\world\poi\r.6.6.mca","65536","639259385018940000"
"C:\Minecraft\HORIZONS_CHUNK_SERVER\Server\world\poi\r.6.7.mca","0","639259385007940000"
"C:\Minecraft\HORIZONS_CHUNK_SERVER\Server\world\poi\r.6.8.mca","0","639259384996940000"
"C:\Minecraft\HORIZONS_CHUNK_SERVER\Server\world\poi\r.7.-1.mca","151552","639259384985940000"
"C:\Minecraft\HORIZONS_CHUNK_SERVER\Server\world\poi\r.7.-2.mca","86016","639259384974940000"
"C:\Minecraft\HORIZONS_CHUNK_SERVER\Server\world\poi\r.7.-3.mca","40960","639259384963940000"
"C:\Minecraft\HORIZONS_CHUNK_SERVER\Server\world\poi\r.7.-4.mca","16384","639259384952940000"
"C:\Minecraft\HORIZONS_CHUNK_SERVER\Server\world\poi\r.7.-5.mca","163840","639259384941940000"
"C:\Minecraft\HORIZONS_CHUNK_SERVER\Server\world\poi\r.7.-6.mca","364544","639259384930940000"
"C:\Minecraft\HORIZONS_CHUNK_SERVER\Server\world\poi\r.7.-7.mca","90112","639259384919940000"
"C:\Minecraft\HORIZONS_CHUNK_SERVER\Server\world\poi\r.7.-8.mca","0","639259384908940000"
"C:\Minecraft\HORIZONS_CHUNK_SERVER\Server\world\poi\r.7.-9.mca","0","639259384897940000"
"C:\Minecraft\HORIZONS_CHUNK_SERVER\Server\world\poi\r.7.0.mca","86016","639259384886940000"
"C:\Minecraft\HORIZONS_CHUNK_SERVER\Server\world\poi\r.7.1.mca","20480","639259384875940000"
"C:\Minecraft\HORIZONS_CHUNK_SERVER\Server\world\poi\r.7.2.mca","36864","639259384864940000"
"C:\Minecraft\HORIZONS_CHUNK_SERVER\Server\world\poi\r.7.3.mca","57344","639259384853940000"
"C:\Minecraft\HORIZONS_CHUNK_SERVER\Server\world\poi\r.7.4.mca","0","639259384842940000"
"C:\Minecraft\HORIZONS_CHUNK_SERVER\Server\world\poi\r.7.5.mca","0","639259384831940000"
"C:\Minecraft\HORIZONS_CHUNK_SERVER\Server\world\poi\r.7.6.mca","40960","639259384820940000"
"C:\Minecraft\HORIZONS_CHUNK_SERVER\Server\world\poi\r.7.7.mca","0","639259384809940000"
"C:\Minecraft\HORIZONS_CHUNK_SERVER\Server\world\poi\r.8.-1.mca","163840","639259384798940000"
"C:\Minecraft\HORIZONS_CHUNK_SERVER\Server\world\poi\r.8.-2.mca","53248","639259384787940000"
"C:\Minecraft\HORIZONS_CHUNK_SERVER\Server\world\poi\r.8.-3.mca","32768","639259384776940000"
"C:\Minecraft\HORIZONS_CHUNK_SERVER\Server\world\poi\r.8.-4.mca","12288","639259384765940000"
"C:\Minecraft\HORIZONS_CHUNK_SERVER\Server\world\poi\r.8.-5.mca","159744","639259384754940000"
"C:\Minecraft\HORIZONS_CHUNK_SERVER\Server\world\poi\r.8.-6.mca","73728","639259384743940000"
"C:\Minecraft\HORIZONS_CHUNK_SERVER\Server\world\poi\r.8.-7.mca","0","639259384732940000"
"C:\Minecraft\HORIZONS_CHUNK_SERVER\Server\world\poi\r.8.-8.mca","0","639259384721940000"
"C:\Minecraft\HORIZONS_CHUNK_SERVER\Server\world\poi\r.8.-9.mca","0","639259384710940000"
"C:\Minecraft\HORIZONS_CHUNK_SERVER\Server\world\poi\r.8.0.mca","40960","639259384699940000"
"C:\Minecraft\HORIZONS_CHUNK_SERVER\Server\world\poi\r.8.1.mca","0","639259384688940000"
"C:\Minecraft\HORIZONS_CHUNK_SERVER\Server\world\poi\r.8.2.mca","69632","639259384677940000"
"C:\Minecraft\HORIZONS_CHUNK_SERVER\Server\world\poi\r.8.3.mca","139264","639259384666940000"
"C:\Minecraft\HORIZONS_CHUNK_SERVER\Server\world\poi\r.8.4.mca","24576","639259384655940000"
"C:\Minecraft\HORIZONS_CHUNK_SERVER\Server\world\poi\r.8.5.mca","0","639259384644940000"
"C:\Minecraft\HORIZONS_CHUNK_SERVER\Server\world\poi\r.8.6.mca","0","639259384633940000"
"C:\Minecraft\HORIZONS_CHUNK_SERVER\Server\world\poi\r.9.-1.mca","81920","639259384622940000"
"C:\Minecraft\HORIZONS_CHUNK_SERVER\Server\world\poi\r.9.-2.mca","0","639259384611940000"
"C:\Minecraft\HORIZONS_CHUNK_SERVER\Server\world\poi\r.9.-3.mca","0","639259384600940000"
"C:\Minecraft\HORIZONS_CHUNK_SERVER\Server\world\poi\r.9.-4.mca","0","639259384589940000"
"C:\Minecraft\HORIZONS_CHUNK_SERVER\Server\world\poi\r.9.-5.mca","0","639259384578940000"
"C:\Minecraft\HORIZONS_CHUNK_SERVER\Server\world\poi\r.9.-6.mca","0","639259384567940000"
"C:\Minecraft\HORIZONS_CHUNK_SERVER\Server\world\poi\r.9.-7.mca","0","639259384556940000"
"C:\Minecraft\HORIZONS_CHUNK_SERVER\Server\world\poi\r.9.-8.mca","0","639259384545940000"
"C:\Minecraft\HORIZONS_CHUNK_SERVER\Server\world\poi\r.9.-9.mca","0","639259384534940000"
"C:\Minecraft\HORIZONS_CHUNK_SERVER\Server\world\poi\r.9.0.mca","20480","639259384523940000"
"C:\Minecraft\HORIZONS_CHUNK_SERVER\Server\world\poi\r.9.1.mca","0","639259384512940000"
"C:\Minecraft\HORIZONS_CHUNK_SERVER\Server\world\poi\r.9.2.mca","20480","639259384501940000"
"C:\Minecraft\HORIZONS_CHUNK_SERVER\Server\world\poi\r.9.3.mca","0","639259384490940000"
"C:\Minecraft\HORIZONS_CHUNK_SERVER\Server\world\poi\r.9.4.mca","0","639259384479940000"
"C:\Minecraft\HORIZONS_CHUNK_SERVER\Server\world\region\r.-1.-1.mca","13766656","639259388597010000"
"C:\Minecraft\HORIZONS_CHUNK_SERVER\Server\world\region\r.-1.-10.mca","13889536","639259388586010000"
"C:\Minecraft\HORIZONS_CHUNK_SERVER\Server\world\region\r.-1.-11.mca","520192","639259388575010000"
"C:\Minecraft\HORIZONS_CHUNK_SERVER\Server\world\region\r.-1.-2.mca","8478720","639259388564010000"
"C:\Minecraft\HORIZONS_CHUNK_SERVER\Server\world\region\r.-1.-3.mca","10129408","639259388553010000"
"C:\Minecraft\HORIZONS_CHUNK_SERVER\Server\world\region\r.-1.-4.mca","11190272","639259388542010000"
"C:\Minecraft\HORIZONS_CHUNK_SERVER\Server\world\region\r.-1.-5.mca","9936896","639259388531010000"
"C:\Minecraft\HORIZONS_CHUNK_SERVER\Server\world\region\r.-1.-6.mca","11968512","639259388520010000"
"C:\Minecraft\HORIZONS_CHUNK_SERVER\Server\world\region\r.-1.-7.mca","14983168","639259388509010000"
"C:\Minecraft\HORIZONS_CHUNK_SERVER\Server\world\region\r.-1.-8.mca","15536128","639259388498010000"
"C:\Minecraft\HORIZONS_CHUNK_SERVER\Server\world\region\r.-1.-9.mca","16064512","639259388487010000"
"C:\Minecraft\HORIZONS_CHUNK_SERVER\Server\world\region\r.-1.0.mca","13029376","639259388476010000"
"C:\Minecraft\HORIZONS_CHUNK_SERVER\Server\world\region\r.-1.1.mca","10113024","639259388465010000"
"C:\Minecraft\HORIZONS_CHUNK_SERVER\Server\world\region\r.-1.10.mca","647168","639259388454010000"
"C:\Minecraft\HORIZONS_CHUNK_SERVER\Server\world\region\r.-1.2.mca","9601024","639259388443010000"
"C:\Minecraft\HORIZONS_CHUNK_SERVER\Server\world\region\r.-1.3.mca","9637888","639259388432010000"
"C:\Minecraft\HORIZONS_CHUNK_SERVER\Server\world\region\r.-1.4.mca","10334208","639259388421010000"
"C:\Minecraft\HORIZONS_CHUNK_SERVER\Server\world\region\r.-1.5.mca","12439552","639259388410010000"
"C:\Minecraft\HORIZONS_CHUNK_SERVER\Server\world\region\r.-1.6.mca","12984320","639259388399010000"
"C:\Minecraft\HORIZONS_CHUNK_SERVER\Server\world\region\r.-1.7.mca","11132928","639259388388010000"
"C:\Minecraft\HORIZONS_CHUNK_SERVER\Server\world\region\r.-1.8.mca","11071488","639259388377010000"
"C:\Minecraft\HORIZONS_CHUNK_SERVER\Server\world\region\r.-1.9.mca","10391552","639259388366010000"
"C:\Minecraft\HORIZONS_CHUNK_SERVER\Server\world\region\r.-10.-1.mca","7962624","639259388355010000"
"C:\Minecraft\HORIZONS_CHUNK_SERVER\Server\world\region\r.-10.-2.mca","8478720","639259388344010000"
"C:\Minecraft\HORIZONS_CHUNK_SERVER\Server\world\region\r.-10.-3.mca","6463488","639259388333010000"
"C:\Minecraft\HORIZONS_CHUNK_SERVER\Server\world\region\r.-10.-4.mca","3473408","639259388322010000"
"C:\Minecraft\HORIZONS_CHUNK_SERVER\Server\world\region\r.-10.-5.mca","806912","639259388311010000"
"C:\Minecraft\HORIZONS_CHUNK_SERVER\Server\world\region\r.-10.-6.mca","0","639259388300010000"
"C:\Minecraft\HORIZONS_CHUNK_SERVER\Server\world\region\r.-10.0.mca","11198464","639259388289010000"
"C:\Minecraft\HORIZONS_CHUNK_SERVER\Server\world\region\r.-10.1.mca","12771328","639259388278010000"
"C:\Minecraft\HORIZONS_CHUNK_SERVER\Server\world\region\r.-10.2.mca","8613888","639259388267010000"
"C:\Minecraft\HORIZONS_CHUNK_SERVER\Server\world\region\r.-10.3.mca","5054464","639259388256010000"
"C:\Minecraft\HORIZONS_CHUNK_SERVER\Server\world\region\r.-10.4.mca","868352","639259388245010000"
"C:\Minecraft\HORIZONS_CHUNK_SERVER\Server\world\region\r.-10.5.mca","0","639259388234010000"
"C:\Minecraft\HORIZONS_CHUNK_SERVER\Server\world\region\r.-11.-1.mca","520192","639259388223010000"
"C:\Minecraft\HORIZONS_CHUNK_SERVER\Server\world\region\r.-11.-2.mca","225280","639259388212010000"
"C:\Minecraft\HORIZONS_CHUNK_SERVER\Server\world\region\r.-11.-3.mca","0","639259388201010000"
"C:\Minecraft\HORIZONS_CHUNK_SERVER\Server\world\region\r.-11.-4.mca","0","639259388190010000"
"C:\Minecraft\HORIZONS_CHUNK_SERVER\Server\world\region\r.-11.0.mca","524288","639259388179010000"
"C:\Minecraft\HORIZONS_CHUNK_SERVER\Server\world\region\r.-11.1.mca","233472","639259388168010000"
"C:\Minecraft\HORIZONS_CHUNK_SERVER\Server\world\region\r.-11.2.mca","0","639259388157010000"
"C:\Minecraft\HORIZONS_CHUNK_SERVER\Server\world\region\r.-11.3.mca","0","639259388146010000"
"C:\Minecraft\HORIZONS_CHUNK_SERVER\Server\world\region\r.-2.-1.mca","8990720","639259388135010000"
"C:\Minecraft\HORIZONS_CHUNK_SERVER\Server\world\region\r.-2.-10.mca","9613312","639259388124010000"
"C:\Minecraft\HORIZONS_CHUNK_SERVER\Server\world\region\r.-2.-11.mca","221184","639259388113010000"
"C:\Minecraft\HORIZONS_CHUNK_SERVER\Server\world\region\r.-2.-2.mca","9621504","639259388102010000"
"C:\Minecraft\HORIZONS_CHUNK_SERVER\Server\world\region\r.-2.-3.mca","8982528","639259388091010000"
"C:\Minecraft\HORIZONS_CHUNK_SERVER\Server\world\region\r.-2.-4.mca","12963840","639259388080010000"
"C:\Minecraft\HORIZONS_CHUNK_SERVER\Server\world\region\r.-2.-5.mca","12177408","639259388069010000"
"C:\Minecraft\HORIZONS_CHUNK_SERVER\Server\world\region\r.-2.-6.mca","13496320","639259388058010000"
"C:\Minecraft\HORIZONS_CHUNK_SERVER\Server\world\region\r.-2.-7.mca","16478208","639259388047010000"
"C:\Minecraft\HORIZONS_CHUNK_SERVER\Server\world\region\r.-2.-8.mca","16826368","639259388036010000"
"C:\Minecraft\HORIZONS_CHUNK_SERVER\Server\world\region\r.-2.-9.mca","14348288","639259388025010000"
"C:\Minecraft\HORIZONS_CHUNK_SERVER\Server\world\region\r.-2.0.mca","9347072","639259388014010000"
"C:\Minecraft\HORIZONS_CHUNK_SERVER\Server\world\region\r.-2.1.mca","8749056","639259388003010000"
"C:\Minecraft\HORIZONS_CHUNK_SERVER\Server\world\region\r.-2.10.mca","348160","639259387992010000"
"C:\Minecraft\HORIZONS_CHUNK_SERVER\Server\world\region\r.-2.2.mca","9297920","639259387981010000"
"C:\Minecraft\HORIZONS_CHUNK_SERVER\Server\world\region\r.-2.3.mca","9777152","639259387970010000"
"C:\Minecraft\HORIZONS_CHUNK_SERVER\Server\world\region\r.-2.4.mca","10391552","639259387959010000"
"C:\Minecraft\HORIZONS_CHUNK_SERVER\Server\world\region\r.-2.5.mca","12197888","639259387948010000"
"C:\Minecraft\HORIZONS_CHUNK_SERVER\Server\world\region\r.-2.6.mca","13152256","639259387937010000"
"C:\Minecraft\HORIZONS_CHUNK_SERVER\Server\world\region\r.-2.7.mca","10416128","639259387926010000"
"C:\Minecraft\HORIZONS_CHUNK_SERVER\Server\world\region\r.-2.8.mca","11911168","639259387915010000"
"C:\Minecraft\HORIZONS_CHUNK_SERVER\Server\world\region\r.-2.9.mca","8269824","639259387904010000"
"C:\Minecraft\HORIZONS_CHUNK_SERVER\Server\world\region\r.-3.-1.mca","10596352","639259387893010000"
"C:\Minecraft\HORIZONS_CHUNK_SERVER\Server\world\region\r.-3.-10.mca","9838592","639259387882010000"
"C:\Minecraft\HORIZONS_CHUNK_SERVER\Server\world\region\r.-3.-11.mca","0","639259387871010000"
"C:\Minecraft\HORIZONS_CHUNK_SERVER\Server\world\region\r.-3.-2.mca","9883648","639259387860010000"
"C:\Minecraft\HORIZONS_CHUNK_SERVER\Server\world\region\r.-3.-3.mca","10620928","639259387849010000"
"C:\Minecraft\HORIZONS_CHUNK_SERVER\Server\world\region\r.-3.-4.mca","12820480","639259387838010000"
"C:\Minecraft\HORIZONS_CHUNK_SERVER\Server\world\region\r.-3.-5.mca","16728064","639259387827010000"
"C:\Minecraft\HORIZONS_CHUNK_SERVER\Server\world\region\r.-3.-6.mca","16195584","639259387816010000"
"C:\Minecraft\HORIZONS_CHUNK_SERVER\Server\world\region\r.-3.-7.mca","16367616","639259387805010000"
"C:\Minecraft\HORIZONS_CHUNK_SERVER\Server\world\region\r.-3.-8.mca","16904192","639259387794010000"
"C:\Minecraft\HORIZONS_CHUNK_SERVER\Server\world\region\r.-3.-9.mca","16637952","639259387783010000"
"C:\Minecraft\HORIZONS_CHUNK_SERVER\Server\world\region\r.-3.0.mca","11362304","639259387772010000"
"C:\Minecraft\HORIZONS_CHUNK_SERVER\Server\world\region\r.-3.1.mca","12197888","639259387761010000"
"C:\Minecraft\HORIZONS_CHUNK_SERVER\Server\world\region\r.-3.10.mca","0","639259387750010000"
"C:\Minecraft\HORIZONS_CHUNK_SERVER\Server\world\region\r.-3.2.mca","12476416","639259387739010000"
"C:\Minecraft\HORIZONS_CHUNK_SERVER\Server\world\region\r.-3.3.mca","10203136","639259387728010000"
"C:\Minecraft\HORIZONS_CHUNK_SERVER\Server\world\region\r.-3.4.mca","9834496","639259387717010000"
"C:\Minecraft\HORIZONS_CHUNK_SERVER\Server\world\region\r.-3.5.mca","14454784","639259387706010000"
"C:\Minecraft\HORIZONS_CHUNK_SERVER\Server\world\region\r.-3.6.mca","16035840","639259387695010000"
"C:\Minecraft\HORIZONS_CHUNK_SERVER\Server\world\region\r.-3.7.mca","9842688","639259387684010000"
"C:\Minecraft\HORIZONS_CHUNK_SERVER\Server\world\region\r.-3.8.mca","10805248","639259387673010000"
"C:\Minecraft\HORIZONS_CHUNK_SERVER\Server\world\region\r.-3.9.mca","8392704","639259387662010000"
"C:\Minecraft\HORIZONS_CHUNK_SERVER\Server\world\region\r.-4.-1.mca","16400384","639259387651010000"
"C:\Minecraft\HORIZONS_CHUNK_SERVER\Server\world\region\r.-4.-10.mca","5046272","639259387640010000"
"C:\Minecraft\HORIZONS_CHUNK_SERVER\Server\world\region\r.-4.-11.mca","0","639259387629010000"
"C:\Minecraft\HORIZONS_CHUNK_SERVER\Server\world\region\r.-4.-2.mca","15572992","639259387618010000"
"C:\Minecraft\HORIZONS_CHUNK_SERVER\Server\world\region\r.-4.-3.mca","8736768","639259387607010000"
"C:\Minecraft\HORIZONS_CHUNK_SERVER\Server\world\region\r.-4.-4.mca","11829248","639259387596010000"
"C:\Minecraft\HORIZONS_CHUNK_SERVER\Server\world\region\r.-4.-5.mca","16826368","639259387585010000"
"C:\Minecraft\HORIZONS_CHUNK_SERVER\Server\world\region\r.-4.-6.mca","15843328","639259387574010000"
"C:\Minecraft\HORIZONS_CHUNK_SERVER\Server\world\region\r.-4.-7.mca","16162816","639259387563010000"
"C:\Minecraft\HORIZONS_CHUNK_SERVER\Server\world\region\r.-4.-8.mca","16064512","639259387552010000"
"C:\Minecraft\HORIZONS_CHUNK_SERVER\Server\world\region\r.-4.-9.mca","16183296","639259387541010000"
"C:\Minecraft\HORIZONS_CHUNK_SERVER\Server\world\region\r.-4.0.mca","16244736","639259387530010000"
"C:\Minecraft\HORIZONS_CHUNK_SERVER\Server\world\region\r.-4.1.mca","16084992","639259387519010000"
"C:\Minecraft\HORIZONS_CHUNK_SERVER\Server\world\region\r.-4.10.mca","0","639259387508010000"
"C:\Minecraft\HORIZONS_CHUNK_SERVER\Server\world\region\r.-4.2.mca","13934592","639259387497010000"
"C:\Minecraft\HORIZONS_CHUNK_SERVER\Server\world\region\r.-4.3.mca","9302016","639259387486010000"
"C:\Minecraft\HORIZONS_CHUNK_SERVER\Server\world\region\r.-4.4.mca","9084928","639259387475010000"
"C:\Minecraft\HORIZONS_CHUNK_SERVER\Server\world\region\r.-4.5.mca","12009472","639259387464010000"
"C:\Minecraft\HORIZONS_CHUNK_SERVER\Server\world\region\r.-4.6.mca","14221312","639259387453010000"
"C:\Minecraft\HORIZONS_CHUNK_SERVER\Server\world\region\r.-4.7.mca","12763136","639259387442010000"
"C:\Minecraft\HORIZONS_CHUNK_SERVER\Server\world\region\r.-4.8.mca","15372288","639259387431010000"
"C:\Minecraft\HORIZONS_CHUNK_SERVER\Server\world\region\r.-4.9.mca","5361664","639259387420010000"
"C:\Minecraft\HORIZONS_CHUNK_SERVER\Server\world\region\r.-5.-1.mca","13225984","639259387409010000"
"C:\Minecraft\HORIZONS_CHUNK_SERVER\Server\world\region\r.-5.-10.mca","897024","639259387398010000"
"C:\Minecraft\HORIZONS_CHUNK_SERVER\Server\world\region\r.-5.-2.mca","14852096","639259387387010000"
"C:\Minecraft\HORIZONS_CHUNK_SERVER\Server\world\region\r.-5.-3.mca","15609856","639259387376010000"
"C:\Minecraft\HORIZONS_CHUNK_SERVER\Server\world\region\r.-5.-4.mca","15667200","639259387365010000"
"C:\Minecraft\HORIZONS_CHUNK_SERVER\Server\world\region\r.-5.-5.mca","13930496","639259387354010000"
"C:\Minecraft\HORIZONS_CHUNK_SERVER\Server\world\region\r.-5.-6.mca","11427840","639259387343010000"
"C:\Minecraft\HORIZONS_CHUNK_SERVER\Server\world\region\r.-5.-7.mca","16052224","639259387332010000"
"C:\Minecraft\HORIZONS_CHUNK_SERVER\Server\world\region\r.-5.-8.mca","16404480","639259387321010000"
"C:\Minecraft\HORIZONS_CHUNK_SERVER\Server\world\region\r.-5.-9.mca","13520896","639259387310010000"
"C:\Minecraft\HORIZONS_CHUNK_SERVER\Server\world\region\r.-5.0.mca","12251136","639259387299010000"
"C:\Minecraft\HORIZONS_CHUNK_SERVER\Server\world\region\r.-5.1.mca","11984896","639259387288010000"
"C:\Minecraft\HORIZONS_CHUNK_SERVER\Server\world\region\r.-5.2.mca","15228928","639259387277010000"
"C:\Minecraft\HORIZONS_CHUNK_SERVER\Server\world\region\r.-5.3.mca","12406784","639259387266010000"
"C:\Minecraft\HORIZONS_CHUNK_SERVER\Server\world\region\r.-5.4.mca","10362880","639259387255010000"
"C:\Minecraft\HORIZONS_CHUNK_SERVER\Server\world\region\r.-5.5.mca","9285632","639259387244010000"
"C:\Minecraft\HORIZONS_CHUNK_SERVER\Server\world\region\r.-5.6.mca","14901248","639259387233010000"
"C:\Minecraft\HORIZONS_CHUNK_SERVER\Server\world\region\r.-5.7.mca","15781888","639259387222010000"
"C:\Minecraft\HORIZONS_CHUNK_SERVER\Server\world\region\r.-5.8.mca","13807616","639259387211010000"
"C:\Minecraft\HORIZONS_CHUNK_SERVER\Server\world\region\r.-5.9.mca","946176","639259387200010000"
"C:\Minecraft\HORIZONS_CHUNK_SERVER\Server\world\region\r.-6.-1.mca","9687040","639259387189010000"
"C:\Minecraft\HORIZONS_CHUNK_SERVER\Server\world\region\r.-6.-10.mca","0","639259387178010000"
"C:\Minecraft\HORIZONS_CHUNK_SERVER\Server\world\region\r.-6.-2.mca","11190272","639259387167010000"
"C:\Minecraft\HORIZONS_CHUNK_SERVER\Server\world\region\r.-6.-3.mca","12578816","639259387156010000"
"C:\Minecraft\HORIZONS_CHUNK_SERVER\Server\world\region\r.-6.-4.mca","11776000","639259387145010000"
"C:\Minecraft\HORIZONS_CHUNK_SERVER\Server\world\region\r.-6.-5.mca","9678848","639259387134010000"
"C:\Minecraft\HORIZONS_CHUNK_SERVER\Server\world\region\r.-6.-6.mca","12472320","639259387123010000"
"C:\Minecraft\HORIZONS_CHUNK_SERVER\Server\world\region\r.-6.-7.mca","14090240","639259387112010000"
"C:\Minecraft\HORIZONS_CHUNK_SERVER\Server\world\region\r.-6.-8.mca","16089088","639259387101010000"
"C:\Minecraft\HORIZONS_CHUNK_SERVER\Server\world\region\r.-6.-9.mca","4960256","639259387090010000"
"C:\Minecraft\HORIZONS_CHUNK_SERVER\Server\world\region\r.-6.0.mca","10145792","639259387079010000"
"C:\Minecraft\HORIZONS_CHUNK_SERVER\Server\world\region\r.-6.1.mca","10612736","639259387068010000"
"C:\Minecraft\HORIZONS_CHUNK_SERVER\Server\world\region\r.-6.2.mca","14065664","639259387057010000"
"C:\Minecraft\HORIZONS_CHUNK_SERVER\Server\world\region\r.-6.3.mca","14655488","639259387046010000"
"C:\Minecraft\HORIZONS_CHUNK_SERVER\Server\world\region\r.-6.4.mca","14516224","639259387035010000"
"C:\Minecraft\HORIZONS_CHUNK_SERVER\Server\world\region\r.-6.5.mca","13848576","639259387024010000"
"C:\Minecraft\HORIZONS_CHUNK_SERVER\Server\world\region\r.-6.6.mca","11120640","639259387013010000"
"C:\Minecraft\HORIZONS_CHUNK_SERVER\Server\world\region\r.-6.7.mca","11309056","639259387002010000"
"C:\Minecraft\HORIZONS_CHUNK_SERVER\Server\world\region\r.-6.8.mca","5378048","639259386991010000"
"C:\Minecraft\HORIZONS_CHUNK_SERVER\Server\world\region\r.-6.9.mca","0","639259386980010000"
"C:\Minecraft\HORIZONS_CHUNK_SERVER\Server\world\region\r.-7.-1.mca","9555968","639259386969010000"
"C:\Minecraft\HORIZONS_CHUNK_SERVER\Server\world\region\r.-7.-2.mca","10702848","639259386958010000"
"C:\Minecraft\HORIZONS_CHUNK_SERVER\Server\world\region\r.-7.-3.mca","9576448","639259386947010000"
"C:\Minecraft\HORIZONS_CHUNK_SERVER\Server\world\region\r.-7.-4.mca","9428992","639259386936010000"
"C:\Minecraft\HORIZONS_CHUNK_SERVER\Server\world\region\r.-7.-5.mca","10608640","639259386925010000"
"C:\Minecraft\HORIZONS_CHUNK_SERVER\Server\world\region\r.-7.-6.mca","12992512","639259386914010000"
"C:\Minecraft\HORIZONS_CHUNK_SERVER\Server\world\region\r.-7.-7.mca","10530816","639259386903010000"
"C:\Minecraft\HORIZONS_CHUNK_SERVER\Server\world\region\r.-7.-8.mca","7311360","639259386892010000"
"C:\Minecraft\HORIZONS_CHUNK_SERVER\Server\world\region\r.-7.-9.mca","299008","639259386881010000"
"C:\Minecraft\HORIZONS_CHUNK_SERVER\Server\world\region\r.-7.0.mca","9981952","639259386870010000"
"C:\Minecraft\HORIZONS_CHUNK_SERVER\Server\world\region\r.-7.1.mca","10813440","639259386859010000"
"C:\Minecraft\HORIZONS_CHUNK_SERVER\Server\world\region\r.-7.2.mca","14897152","639259386848010000"
"C:\Minecraft\HORIZONS_CHUNK_SERVER\Server\world\region\r.-7.3.mca","13352960","639259386837010000"
"C:\Minecraft\HORIZONS_CHUNK_SERVER\Server\world\region\r.-7.4.mca","15114240","639259386826010000"
"C:\Minecraft\HORIZONS_CHUNK_SERVER\Server\world\region\r.-7.5.mca","16150528","639259386815010000"
"C:\Minecraft\HORIZONS_CHUNK_SERVER\Server\world\region\r.-7.6.mca","11149312","639259386804010000"
"C:\Minecraft\HORIZONS_CHUNK_SERVER\Server\world\region\r.-7.7.mca","6635520","639259386793010000"
"C:\Minecraft\HORIZONS_CHUNK_SERVER\Server\world\region\r.-7.8.mca","356352","639259386782010000"
"C:\Minecraft\HORIZONS_CHUNK_SERVER\Server\world\region\r.-8.-1.mca","10514432","639259386771010000"
"C:\Minecraft\HORIZONS_CHUNK_SERVER\Server\world\region\r.-8.-2.mca","11001856","639259386760010000"
"C:\Minecraft\HORIZONS_CHUNK_SERVER\Server\world\region\r.-8.-3.mca","9572352","639259386749010000"
"C:\Minecraft\HORIZONS_CHUNK_SERVER\Server\world\region\r.-8.-4.mca","12619776","639259386738010000"
"C:\Minecraft\HORIZONS_CHUNK_SERVER\Server\world\region\r.-8.-5.mca","13205504","639259386727010000"
"C:\Minecraft\HORIZONS_CHUNK_SERVER\Server\world\region\r.-8.-6.mca","12718080","639259386716010000"
"C:\Minecraft\HORIZONS_CHUNK_SERVER\Server\world\region\r.-8.-7.mca","5693440","639259386705010000"
"C:\Minecraft\HORIZONS_CHUNK_SERVER\Server\world\region\r.-8.-8.mca","565248","639259386694010000"
"C:\Minecraft\HORIZONS_CHUNK_SERVER\Server\world\region\r.-8.0.mca","11448320","639259386683010000"
"C:\Minecraft\HORIZONS_CHUNK_SERVER\Server\world\region\r.-8.1.mca","10878976","639259386672010000"
"C:\Minecraft\HORIZONS_CHUNK_SERVER\Server\world\region\r.-8.2.mca","11190272","639259386661010000"
"C:\Minecraft\HORIZONS_CHUNK_SERVER\Server\world\region\r.-8.3.mca","15179776","639259386650010000"
"C:\Minecraft\HORIZONS_CHUNK_SERVER\Server\world\region\r.-8.4.mca","16105472","639259386639010000"
"C:\Minecraft\HORIZONS_CHUNK_SERVER\Server\world\region\r.-8.5.mca","15540224","639259386628010000"
"C:\Minecraft\HORIZONS_CHUNK_SERVER\Server\world\region\r.-8.6.mca","6995968","639259386617010000"
"C:\Minecraft\HORIZONS_CHUNK_SERVER\Server\world\region\r.-8.7.mca","634880","639259386606010000"
"C:\Minecraft\HORIZONS_CHUNK_SERVER\Server\world\region\r.-9.-1.mca","9576448","639259386595010000"
"C:\Minecraft\HORIZONS_CHUNK_SERVER\Server\world\region\r.-9.-2.mca","9269248","639259386584010000"
"C:\Minecraft\HORIZONS_CHUNK_SERVER\Server\world\region\r.-9.-3.mca","10616832","639259386573010000"
"C:\Minecraft\HORIZONS_CHUNK_SERVER\Server\world\region\r.-9.-4.mca","11296768","639259386562010000"
"C:\Minecraft\HORIZONS_CHUNK_SERVER\Server\world\region\r.-9.-5.mca","9584640","639259386551010000"
"C:\Minecraft\HORIZONS_CHUNK_SERVER\Server\world\region\r.-9.-6.mca","4124672","639259386540010000"
"C:\Minecraft\HORIZONS_CHUNK_SERVER\Server\world\region\r.-9.-7.mca","294912","639259386529010000"
"C:\Minecraft\HORIZONS_CHUNK_SERVER\Server\world\region\r.-9.0.mca","10801152","639259386518010000"
"C:\Minecraft\HORIZONS_CHUNK_SERVER\Server\world\region\r.-9.1.mca","10842112","639259386507010000"
"C:\Minecraft\HORIZONS_CHUNK_SERVER\Server\world\region\r.-9.2.mca","13037568","639259386496010000"
"C:\Minecraft\HORIZONS_CHUNK_SERVER\Server\world\region\r.-9.3.mca","16117760","639259386485010000"
"C:\Minecraft\HORIZONS_CHUNK_SERVER\Server\world\region\r.-9.4.mca","13479936","639259386474010000"
"C:\Minecraft\HORIZONS_CHUNK_SERVER\Server\world\region\r.-9.5.mca","5373952","639259386463010000"
"C:\Minecraft\HORIZONS_CHUNK_SERVER\Server\world\region\r.-9.6.mca","335872","639259386452010000"
"C:\Minecraft\HORIZONS_CHUNK_SERVER\Server\world\region\r.0.-1.mca","15024128","639259386441010000"
"C:\Minecraft\HORIZONS_CHUNK_SERVER\Server\world\region\r.0.-10.mca","14102528","639259386430010000"
"C:\Minecraft\HORIZONS_CHUNK_SERVER\Server\world\region\r.0.-11.mca","524288","639259386419010000"
"C:\Minecraft\HORIZONS_CHUNK_SERVER\Server\world\region\r.0.-2.mca","10919936","639259386408010000"
"C:\Minecraft\HORIZONS_CHUNK_SERVER\Server\world\region\r.0.-3.mca","10620928","639259386397010000"
"C:\Minecraft\HORIZONS_CHUNK_SERVER\Server\world\region\r.0.-4.mca","11804672","639259386386010000"
"C:\Minecraft\HORIZONS_CHUNK_SERVER\Server\world\region\r.0.-5.mca","9203712","639259386375010000"
"C:\Minecraft\HORIZONS_CHUNK_SERVER\Server\world\region\r.0.-6.mca","9449472","639259386364010000"
"C:\Minecraft\HORIZONS_CHUNK_SERVER\Server\world\region\r.0.-7.mca","10928128","639259386353010000"
"C:\Minecraft\HORIZONS_CHUNK_SERVER\Server\world\region\r.0.-8.mca","16072704","639259386342010000"
"C:\Minecraft\HORIZONS_CHUNK_SERVER\Server\world\region\r.0.-9.mca","15888384","639259386331010000"
"C:\Minecraft\HORIZONS_CHUNK_SERVER\Server\world\region\r.0.0.mca","14655488","639259386320010000"
"C:\Minecraft\HORIZONS_CHUNK_SERVER\Server\world\region\r.0.1.mca","10002432","639259386309010000"
"C:\Minecraft\HORIZONS_CHUNK_SERVER\Server\world\region\r.0.10.mca","651264","639259386298010000"
"C:\Minecraft\HORIZONS_CHUNK_SERVER\Server\world\region\r.0.2.mca","10039296","639259386287010000"
"C:\Minecraft\HORIZONS_CHUNK_SERVER\Server\world\region\r.0.3.mca","13213696","639259386276010000"
"C:\Minecraft\HORIZONS_CHUNK_SERVER\Server\world\region\r.0.4.mca","13586432","639259386265010000"
"C:\Minecraft\HORIZONS_CHUNK_SERVER\Server\world\region\r.0.5.mca","17821696","639259386254010000"
"C:\Minecraft\HORIZONS_CHUNK_SERVER\Server\world\region\r.0.6.mca","16719872","639259386243010000"
"C:\Minecraft\HORIZONS_CHUNK_SERVER\Server\world\region\r.0.7.mca","13320192","639259386232010000"
"C:\Minecraft\HORIZONS_CHUNK_SERVER\Server\world\region\r.0.8.mca","14278656","639259386221010000"
"C:\Minecraft\HORIZONS_CHUNK_SERVER\Server\world\region\r.0.9.mca","10227712","639259386210010000"
"C:\Minecraft\HORIZONS_CHUNK_SERVER\Server\world\region\r.1.-1.mca","14385152","639259386199010000"
"C:\Minecraft\HORIZONS_CHUNK_SERVER\Server\world\region\r.1.-10.mca","8912896","639259386188010000"
"C:\Minecraft\HORIZONS_CHUNK_SERVER\Server\world\region\r.1.-11.mca","258048","639259386177010000"
"C:\Minecraft\HORIZONS_CHUNK_SERVER\Server\world\region\r.1.-2.mca","10403840","639259386166010000"
"C:\Minecraft\HORIZONS_CHUNK_SERVER\Server\world\region\r.1.-3.mca","11165696","639259386155010000"
"C:\Minecraft\HORIZONS_CHUNK_SERVER\Server\world\region\r.1.-4.mca","11010048","639259386144010000"
"C:\Minecraft\HORIZONS_CHUNK_SERVER\Server\world\region\r.1.-5.mca","11583488","639259386133010000"
"C:\Minecraft\HORIZONS_CHUNK_SERVER\Server\world\region\r.1.-6.mca","11751424","639259386122010000"
"C:\Minecraft\HORIZONS_CHUNK_SERVER\Server\world\region\r.1.-7.mca","14594048","639259386111010000"
"C:\Minecraft\HORIZONS_CHUNK_SERVER\Server\world\region\r.1.-8.mca","16461824","639259386100010000"
"C:\Minecraft\HORIZONS_CHUNK_SERVER\Server\world\region\r.1.-9.mca","16146432","639259386089010000"
"C:\Minecraft\HORIZONS_CHUNK_SERVER\Server\world\region\r.1.0.mca","15597568","639259386078010000"
"C:\Minecraft\HORIZONS_CHUNK_SERVER\Server\world\region\r.1.1.mca","15368192","639259386067010000"
"C:\Minecraft\HORIZONS_CHUNK_SERVER\Server\world\region\r.1.10.mca","368640","639259386056010000"
"C:\Minecraft\HORIZONS_CHUNK_SERVER\Server\world\region\r.1.2.mca","11878400","639259386045010000"
"C:\Minecraft\HORIZONS_CHUNK_SERVER\Server\world\region\r.1.3.mca","12677120","639259386034010000"
"C:\Minecraft\HORIZONS_CHUNK_SERVER\Server\world\region\r.1.4.mca","12697600","639259386023010000"
"C:\Minecraft\HORIZONS_CHUNK_SERVER\Server\world\region\r.1.5.mca","15015936","639259386012010000"
"C:\Minecraft\HORIZONS_CHUNK_SERVER\Server\world\region\r.1.6.mca","14585856","639259386001010000"
"C:\Minecraft\HORIZONS_CHUNK_SERVER\Server\world\region\r.1.7.mca","11030528","639259385990010000"
"C:\Minecraft\HORIZONS_CHUNK_SERVER\Server\world\region\r.1.8.mca","11931648","639259385979010000"
"C:\Minecraft\HORIZONS_CHUNK_SERVER\Server\world\region\r.1.9.mca","9871360","639259385968010000"
"C:\Minecraft\HORIZONS_CHUNK_SERVER\Server\world\region\r.10.-1.mca","651264","639259385957010000"
"C:\Minecraft\HORIZONS_CHUNK_SERVER\Server\world\region\r.10.-2.mca","348160","639259385946010000"
"C:\Minecraft\HORIZONS_CHUNK_SERVER\Server\world\region\r.10.-3.mca","0","639259385935010000"
"C:\Minecraft\HORIZONS_CHUNK_SERVER\Server\world\region\r.10.-4.mca","0","639259385924010000"
"C:\Minecraft\HORIZONS_CHUNK_SERVER\Server\world\region\r.10.0.mca","655360","639259385913010000"
"C:\Minecraft\HORIZONS_CHUNK_SERVER\Server\world\region\r.10.1.mca","368640","639259385902010000"
"C:\Minecraft\HORIZONS_CHUNK_SERVER\Server\world\region\r.10.2.mca","0","639259385891010000"
"C:\Minecraft\HORIZONS_CHUNK_SERVER\Server\world\region\r.10.3.mca","0","639259385880010000"
"C:\Minecraft\HORIZONS_CHUNK_SERVER\Server\world\region\r.2.-1.mca","12320768","639259385869010000"
"C:\Minecraft\HORIZONS_CHUNK_SERVER\Server\world\region\r.2.-10.mca","6479872","639259385858010000"
"C:\Minecraft\HORIZONS_CHUNK_SERVER\Server\world\region\r.2.-11.mca","0","639259385847010000"
"C:\Minecraft\HORIZONS_CHUNK_SERVER\Server\world\region\r.2.-2.mca","13127680","639259385836010000"
"C:\Minecraft\HORIZONS_CHUNK_SERVER\Server\world\region\r.2.-3.mca","17620992","639259385825010000"
"C:\Minecraft\HORIZONS_CHUNK_SERVER\Server\world\region\r.2.-4.mca","13537280","639259385814010000"
"C:\Minecraft\HORIZONS_CHUNK_SERVER\Server\world\region\r.2.-5.mca","12910592","639259385803010000"
"C:\Minecraft\HORIZONS_CHUNK_SERVER\Server\world\region\r.2.-6.mca","14532608","639259385792010000"
"C:\Minecraft\HORIZONS_CHUNK_SERVER\Server\world\region\r.2.-7.mca","17002496","639259385781010000"
"C:\Minecraft\HORIZONS_CHUNK_SERVER\Server\world\region\r.2.-8.mca","16756736","639259385770010000"
"C:\Minecraft\HORIZONS_CHUNK_SERVER\Server\world\region\r.2.-9.mca","13934592","639259385759010000"
"C:\Minecraft\HORIZONS_CHUNK_SERVER\Server\world\region\r.2.0.mca","16707584","639259385748010000"
"C:\Minecraft\HORIZONS_CHUNK_SERVER\Server\world\region\r.2.1.mca","16248832","639259385737010000"
"C:\Minecraft\HORIZONS_CHUNK_SERVER\Server\world\region\r.2.10.mca","0","639259385726010000"
"C:\Minecraft\HORIZONS_CHUNK_SERVER\Server\world\region\r.2.2.mca","15384576","639259385715010000"
"C:\Minecraft\HORIZONS_CHUNK_SERVER\Server\world\region\r.2.3.mca","13664256","639259385704010000"
"C:\Minecraft\HORIZONS_CHUNK_SERVER\Server\world\region\r.2.4.mca","12914688","639259385693010000"
"C:\Minecraft\HORIZONS_CHUNK_SERVER\Server\world\region\r.2.5.mca","15134720","639259385682010000"
"C:\Minecraft\HORIZONS_CHUNK_SERVER\Server\world\region\r.2.6.mca","15192064","639259385671010000"
"C:\Minecraft\HORIZONS_CHUNK_SERVER\Server\world\region\r.2.7.mca","11776000","639259385660010000"
"C:\Minecraft\HORIZONS_CHUNK_SERVER\Server\world\region\r.2.8.mca","13484032","639259385649010000"
"C:\Minecraft\HORIZONS_CHUNK_SERVER\Server\world\region\r.2.9.mca","9183232","639259385638010000"
"C:\Minecraft\HORIZONS_CHUNK_SERVER\Server\world\region\r.3.-1.mca","15773696","639259385627010000"
"C:\Minecraft\HORIZONS_CHUNK_SERVER\Server\world\region\r.3.-10.mca","3403776","639259385616010000"
"C:\Minecraft\HORIZONS_CHUNK_SERVER\Server\world\region\r.3.-11.mca","0","639259385605010000"
"C:\Minecraft\HORIZONS_CHUNK_SERVER\Server\world\region\r.3.-2.mca","15323136","639259385594010000"
"C:\Minecraft\HORIZONS_CHUNK_SERVER\Server\world\region\r.3.-3.mca","13594624","639259385583010000"
"C:\Minecraft\HORIZONS_CHUNK_SERVER\Server\world\region\r.3.-4.mca","14778368","639259385572010000"
"C:\Minecraft\HORIZONS_CHUNK_SERVER\Server\world\region\r.3.-5.mca","14118912","639259385561010000"
"C:\Minecraft\HORIZONS_CHUNK_SERVER\Server\world\region\r.3.-6.mca","14102528","639259385550010000"
"C:\Minecraft\HORIZONS_CHUNK_SERVER\Server\world\region\r.3.-7.mca","16416768","639259385539010000"
"C:\Minecraft\HORIZONS_CHUNK_SERVER\Server\world\region\r.3.-8.mca","16867328","639259385528010000"
"C:\Minecraft\HORIZONS_CHUNK_SERVER\Server\world\region\r.3.-9.mca","11120640","639259385517010000"
"C:\Minecraft\HORIZONS_CHUNK_SERVER\Server\world\region\r.3.0.mca","16248832","639259385506010000"
"C:\Minecraft\HORIZONS_CHUNK_SERVER\Server\world\region\r.3.1.mca","16744448","639259385495010000"
"C:\Minecraft\HORIZONS_CHUNK_SERVER\Server\world\region\r.3.10.mca","0","639259385484010000"
"C:\Minecraft\HORIZONS_CHUNK_SERVER\Server\world\region\r.3.2.mca","15781888","639259385473010000"
"C:\Minecraft\HORIZONS_CHUNK_SERVER\Server\world\region\r.3.3.mca","16228352","639259385462010000"
"C:\Minecraft\HORIZONS_CHUNK_SERVER\Server\world\region\r.3.4.mca","15785984","639259385451010000"
"C:\Minecraft\HORIZONS_CHUNK_SERVER\Server\world\region\r.3.5.mca","15773696","639259385440010000"
"C:\Minecraft\HORIZONS_CHUNK_SERVER\Server\world\region\r.3.6.mca","15577088","639259385429010000"
"C:\Minecraft\HORIZONS_CHUNK_SERVER\Server\world\region\r.3.7.mca","14643200","639259385418010000"
"C:\Minecraft\HORIZONS_CHUNK_SERVER\Server\world\region\r.3.8.mca","14454784","639259385407010000"
"C:\Minecraft\HORIZONS_CHUNK_SERVER\Server\world\region\r.3.9.mca","5038080","639259385396010000"
"C:\Minecraft\HORIZONS_CHUNK_SERVER\Server\world\region\r.4.-1.mca","16392192","639259385385010000"
"C:\Minecraft\HORIZONS_CHUNK_SERVER\Server\world\region\r.4.-10.mca","856064","639259385374010000"
"C:\Minecraft\HORIZONS_CHUNK_SERVER\Server\world\region\r.4.-2.mca","15065088","639259385363010000"
"C:\Minecraft\HORIZONS_CHUNK_SERVER\Server\world\region\r.4.-3.mca","14409728","639259385352010000"
"C:\Minecraft\HORIZONS_CHUNK_SERVER\Server\world\region\r.4.-4.mca","16113664","639259385341010000"
"C:\Minecraft\HORIZONS_CHUNK_SERVER\Server\world\region\r.4.-5.mca","11608064","639259385330010000"
"C:\Minecraft\HORIZONS_CHUNK_SERVER\Server\world\region\r.4.-6.mca","12566528","639259385319010000"
"C:\Minecraft\HORIZONS_CHUNK_SERVER\Server\world\region\r.4.-7.mca","13930496","639259385308010000"
"C:\Minecraft\HORIZONS_CHUNK_SERVER\Server\world\region\r.4.-8.mca","15613952","639259385297010000"
"C:\Minecraft\HORIZONS_CHUNK_SERVER\Server\world\region\r.4.-9.mca","11845632","639259385286010000"
"C:\Minecraft\HORIZONS_CHUNK_SERVER\Server\world\region\r.4.0.mca","15568896","639259385275010000"
"C:\Minecraft\HORIZONS_CHUNK_SERVER\Server\world\region\r.4.1.mca","15192064","639259385264010000"
"C:\Minecraft\HORIZONS_CHUNK_SERVER\Server\world\region\r.4.2.mca","14553088","639259385253010000"
"C:\Minecraft\HORIZONS_CHUNK_SERVER\Server\world\region\r.4.3.mca","14831616","639259385242010000"
"C:\Minecraft\HORIZONS_CHUNK_SERVER\Server\world\region\r.4.4.mca","16019456","639259385231010000"
"C:\Minecraft\HORIZONS_CHUNK_SERVER\Server\world\region\r.4.5.mca","16203776","639259385220010000"
"C:\Minecraft\HORIZONS_CHUNK_SERVER\Server\world\region\r.4.6.mca","16056320","639259385209010000"
"C:\Minecraft\HORIZONS_CHUNK_SERVER\Server\world\region\r.4.7.mca","15814656","639259385198010000"
"C:\Minecraft\HORIZONS_CHUNK_SERVER\Server\world\region\r.4.8.mca","11653120","639259385187010000"
"C:\Minecraft\HORIZONS_CHUNK_SERVER\Server\world\region\r.4.9.mca","978944","639259385176010000"
"C:\Minecraft\HORIZONS_CHUNK_SERVER\Server\world\region\r.5.-1.mca","16203776","639259385165010000"
"C:\Minecraft\HORIZONS_CHUNK_SERVER\Server\world\region\r.5.-10.mca","0","639259385154010000"
"C:\Minecraft\HORIZONS_CHUNK_SERVER\Server\world\region\r.5.-2.mca","16875520","639259385143010000"
"C:\Minecraft\HORIZONS_CHUNK_SERVER\Server\world\region\r.5.-3.mca","16261120","639259385132010000"
"C:\Minecraft\HORIZONS_CHUNK_SERVER\Server\world\region\r.5.-4.mca","16801792","639259385121010000"
"C:\Minecraft\HORIZONS_CHUNK_SERVER\Server\world\region\r.5.-5.mca","14938112","639259385110010000"
"C:\Minecraft\HORIZONS_CHUNK_SERVER\Server\world\region\r.5.-6.mca","11329536","639259385099010000"
"C:\Minecraft\HORIZONS_CHUNK_SERVER\Server\world\region\r.5.-7.mca","13561856","639259385088010000"
"C:\Minecraft\HORIZONS_CHUNK_SERVER\Server\world\region\r.5.-8.mca","14757888","639259385077010000"
"C:\Minecraft\HORIZONS_CHUNK_SERVER\Server\world\region\r.5.-9.mca","5259264","639259385066010000"
"C:\Minecraft\HORIZONS_CHUNK_SERVER\Server\world\region\r.5.0.mca","16609280","639259385055010000"
"C:\Minecraft\HORIZONS_CHUNK_SERVER\Server\world\region\r.5.1.mca","15536128","639259385044010000"
"C:\Minecraft\HORIZONS_CHUNK_SERVER\Server\world\region\r.5.2.mca","13225984","639259385033010000"
"C:\Minecraft\HORIZONS_CHUNK_SERVER\Server\world\region\r.5.3.mca","15470592","639259385022010000"
"C:\Minecraft\HORIZONS_CHUNK_SERVER\Server\world\region\r.5.4.mca","12140544","639259385011010000"
"C:\Minecraft\HORIZONS_CHUNK_SERVER\Server\world\region\r.5.5.mca","15151104","639259385000010000"
"C:\Minecraft\HORIZONS_CHUNK_SERVER\Server\world\region\r.5.6.mca","15724544","639259384989010000"
"C:\Minecraft\HORIZONS_CHUNK_SERVER\Server\world\region\r.5.7.mca","15921152","639259384978010000"
"C:\Minecraft\HORIZONS_CHUNK_SERVER\Server\world\region\r.5.8.mca","5140480","639259384967010000"
"C:\Minecraft\HORIZONS_CHUNK_SERVER\Server\world\region\r.5.9.mca","0","639259384956010000"
"C:\Minecraft\HORIZONS_CHUNK_SERVER\Server\world\region\r.6.-1.mca","16949248","639259384945010000"
"C:\Minecraft\HORIZONS_CHUNK_SERVER\Server\world\region\r.6.-2.mca","17580032","639259384934010000"
"C:\Minecraft\HORIZONS_CHUNK_SERVER\Server\world\region\r.6.-3.mca","15306752","639259384923010000"
"C:\Minecraft\HORIZONS_CHUNK_SERVER\Server\world\region\r.6.-4.mca","16093184","639259384912010000"
"C:\Minecraft\HORIZONS_CHUNK_SERVER\Server\world\region\r.6.-5.mca","15069184","639259384901010000"
"C:\Minecraft\HORIZONS_CHUNK_SERVER\Server\world\region\r.6.-6.mca","11259904","639259384890010000"
"C:\Minecraft\HORIZONS_CHUNK_SERVER\Server\world\region\r.6.-7.mca","13447168","639259384879010000"
"C:\Minecraft\HORIZONS_CHUNK_SERVER\Server\world\region\r.6.-8.mca","7782400","639259384868010000"
"C:\Minecraft\HORIZONS_CHUNK_SERVER\Server\world\region\r.6.-9.mca","335872","639259384857010000"
"C:\Minecraft\HORIZONS_CHUNK_SERVER\Server\world\region\r.6.0.mca","16084992","639259384846010000"
"C:\Minecraft\HORIZONS_CHUNK_SERVER\Server\world\region\r.6.1.mca","16351232","639259384835010000"
"C:\Minecraft\HORIZONS_CHUNK_SERVER\Server\world\region\r.6.2.mca","17248256","639259384824010000"
"C:\Minecraft\HORIZONS_CHUNK_SERVER\Server\world\region\r.6.3.mca","17244160","639259384813010000"
"C:\Minecraft\HORIZONS_CHUNK_SERVER\Server\world\region\r.6.4.mca","15876096","639259384802010000"
"C:\Minecraft\HORIZONS_CHUNK_SERVER\Server\world\region\r.6.5.mca","14336000","639259384791010000"
"C:\Minecraft\HORIZONS_CHUNK_SERVER\Server\world\region\r.6.6.mca","15704064","639259384780010000"
"C:\Minecraft\HORIZONS_CHUNK_SERVER\Server\world\region\r.6.7.mca","8986624","639259384769010000"
"C:\Minecraft\HORIZONS_CHUNK_SERVER\Server\world\region\r.6.8.mca","397312","639259384758010000"
"C:\Minecraft\HORIZONS_CHUNK_SERVER\Server\world\region\r.7.-1.mca","17809408","639259384747010000"
"C:\Minecraft\HORIZONS_CHUNK_SERVER\Server\world\region\r.7.-2.mca","17137664","639259384736010000"
"C:\Minecraft\HORIZONS_CHUNK_SERVER\Server\world\region\r.7.-3.mca","16740352","639259384725010000"
"C:\Minecraft\HORIZONS_CHUNK_SERVER\Server\world\region\r.7.-4.mca","16158720","639259384714010000"
"C:\Minecraft\HORIZONS_CHUNK_SERVER\Server\world\region\r.7.-5.mca","11517952","639259384703010000"
"C:\Minecraft\HORIZONS_CHUNK_SERVER\Server\world\region\r.7.-6.mca","10727424","639259384692010000"
"C:\Minecraft\HORIZONS_CHUNK_SERVER\Server\world\region\r.7.-7.mca","7221248","639259384681010000"
"C:\Minecraft\HORIZONS_CHUNK_SERVER\Server\world\region\r.7.-8.mca","1073152","639259384670010000"
"C:\Minecraft\HORIZONS_CHUNK_SERVER\Server\world\region\r.7.-9.mca","106496","639259384659010000"
"C:\Minecraft\HORIZONS_CHUNK_SERVER\Server\world\region\r.7.0.mca","16838656","639259384648010000"
"C:\Minecraft\HORIZONS_CHUNK_SERVER\Server\world\region\r.7.1.mca","14573568","639259384637010000"
"C:\Minecraft\HORIZONS_CHUNK_SERVER\Server\world\region\r.7.2.mca","16113664","639259384626010000"
"C:\Minecraft\HORIZONS_CHUNK_SERVER\Server\world\region\r.7.3.mca","16990208","639259384615010000"
"C:\Minecraft\HORIZONS_CHUNK_SERVER\Server\world\region\r.7.4.mca","16621568","639259384604010000"
"C:\Minecraft\HORIZONS_CHUNK_SERVER\Server\world\region\r.7.5.mca","16367616","639259384593010000"
"C:\Minecraft\HORIZONS_CHUNK_SERVER\Server\world\region\r.7.6.mca","9322496","639259384582010000"
"C:\Minecraft\HORIZONS_CHUNK_SERVER\Server\world\region\r.7.7.mca","708608","639259384571010000"
"C:\Minecraft\HORIZONS_CHUNK_SERVER\Server\world\region\r.8.-1.mca","16121856","639259384560010000"
"C:\Minecraft\HORIZONS_CHUNK_SERVER\Server\world\region\r.8.-2.mca","16576512","639259384549010000"
"C:\Minecraft\HORIZONS_CHUNK_SERVER\Server\world\region\r.8.-3.mca","16379904","639259384538010000"
"C:\Minecraft\HORIZONS_CHUNK_SERVER\Server\world\region\r.8.-4.mca","15708160","639259384527010000"
"C:\Minecraft\HORIZONS_CHUNK_SERVER\Server\world\region\r.8.-5.mca","11411456","639259384516010000"
"C:\Minecraft\HORIZONS_CHUNK_SERVER\Server\world\region\r.8.-6.mca","3817472","639259384505010000"
"C:\Minecraft\HORIZONS_CHUNK_SERVER\Server\world\region\r.8.-7.mca","4251648","639259384494010000"
"C:\Minecraft\HORIZONS_CHUNK_SERVER\Server\world\region\r.8.-8.mca","4206592","639259384483010000"
"C:\Minecraft\HORIZONS_CHUNK_SERVER\Server\world\region\r.8.-9.mca","880640","639259384472010000"
"C:\Minecraft\HORIZONS_CHUNK_SERVER\Server\world\region\r.8.0.mca","16580608","639259384461010000"
"C:\Minecraft\HORIZONS_CHUNK_SERVER\Server\world\region\r.8.1.mca","16113664","639259384450010000"
"C:\Minecraft\HORIZONS_CHUNK_SERVER\Server\world\region\r.8.2.mca","16289792","639259384439010000"
"C:\Minecraft\HORIZONS_CHUNK_SERVER\Server\world\region\r.8.3.mca","17010688","639259384428010000"
"C:\Minecraft\HORIZONS_CHUNK_SERVER\Server\world\region\r.8.4.mca","14057472","639259384417010000"
"C:\Minecraft\HORIZONS_CHUNK_SERVER\Server\world\region\r.8.5.mca","5668864","639259384406010000"
"C:\Minecraft\HORIZONS_CHUNK_SERVER\Server\world\region\r.8.6.mca","397312","639259384395010000"
"C:\Minecraft\HORIZONS_CHUNK_SERVER\Server\world\region\r.9.-1.mca","12234752","639259384384010000"
"C:\Minecraft\HORIZONS_CHUNK_SERVER\Server\world\region\r.9.-2.mca","13328384","639259384373010000"
"C:\Minecraft\HORIZONS_CHUNK_SERVER\Server\world\region\r.9.-3.mca","10362880","639259384362010000"
"C:\Minecraft\HORIZONS_CHUNK_SERVER\Server\world\region\r.9.-4.mca","5246976","639259384351010000"
"C:\Minecraft\HORIZONS_CHUNK_SERVER\Server\world\region\r.9.-5.mca","950272","639259384340010000"
"C:\Minecraft\HORIZONS_CHUNK_SERVER\Server\world\region\r.9.-6.mca","339968","639259384329010000"
"C:\Minecraft\HORIZONS_CHUNK_SERVER\Server\world\region\r.9.-7.mca","2084864","639259384318010000"
"C:\Minecraft\HORIZONS_CHUNK_SERVER\Server\world\region\r.9.-8.mca","2498560","639259384307010000"
"C:\Minecraft\HORIZONS_CHUNK_SERVER\Server\world\region\r.9.-9.mca","671744","639259384296010000"
"C:\Minecraft\HORIZONS_CHUNK_SERVER\Server\world\region\r.9.0.mca","14372864","639259384285010000"
"C:\Minecraft\HORIZONS_CHUNK_SERVER\Server\world\region\r.9.1.mca","12881920","639259384274010000"
"C:\Minecraft\HORIZONS_CHUNK_SERVER\Server\world\region\r.9.2.mca","10256384","639259384263010000"
"C:\Minecraft\HORIZONS_CHUNK_SERVER\Server\world\region\r.9.3.mca","5619712","639259384252010000"
"C:\Minecraft\HORIZONS_CHUNK_SERVER\Server\world\region\r.9.4.mca","1024000","639259384241010000"
"C:\Minecraft\HORIZONS_CHUNK_SERVER\Server\world\region\r.9.5.mca","0","639259384230010000"
"C:\Minecraft\HORIZONS_CHUNK_SERVER\Server\world\stats\1fd8dedc-00f8-4992-8f9f-ea91bec552ac.json","402","639259388598620000"
"C:\Minecraft\HORIZONS_CHUNK_SERVER\Server\world_vacio\level.dat","1394","639259388510700000"
"C:\Minecraft\HORIZONS_CHUNK_SERVER\Server\world_vacio\level.dat_old","1301","639259388499700000"
"C:\Minecraft\HORIZONS_CHUNK_SERVER\Server\world_vacio\session.lock","3","639259388488700000"
"C:\Minecraft\HORIZONS_CHUNK_SERVER\Server\world_vacio\data\raids.dat","90","639259388598840000"
"C:\Minecraft\HORIZONS_CHUNK_SERVER\Server\world_vacio\data\random_sequences.dat","109","639259388587840000"
"C:\Minecraft\HORIZONS_CHUNK_SERVER\Server\world_vacio\DIM-1\data\raids.dat","90","639259388599050000"
"C:\Minecraft\HORIZONS_CHUNK_SERVER\Server\world_vacio\DIM1\data\raids_end.dat","90","639259388599080000"
"C:\Minecraft\HORIZONS_CHUNK_SERVER\Server\world_vacio\entities\r.-1.-1.mca","40960","639259388599090000"
"C:\Minecraft\HORIZONS_CHUNK_SERVER\Server\world_vacio\entities\r.-1.0.mca","90112","639259388588090000"
"C:\Minecraft\HORIZONS_CHUNK_SERVER\Server\world_vacio\entities\r.0.-1.mca","94208","639259388577090000"
"C:\Minecraft\HORIZONS_CHUNK_SERVER\Server\world_vacio\entities\r.0.0.mca","126976","639259388566090000"
"C:\Minecraft\HORIZONS_CHUNK_SERVER\Server\world_vacio\poi\r.-1.-1.mca","0","639259388599110000"
"C:\Minecraft\HORIZONS_CHUNK_SERVER\Server\world_vacio\poi\r.-1.0.mca","32768","639259388588110000"
"C:\Minecraft\HORIZONS_CHUNK_SERVER\Server\world_vacio\poi\r.0.-1.mca","40960","639259388577110000"
"C:\Minecraft\HORIZONS_CHUNK_SERVER\Server\world_vacio\poi\r.0.0.mca","53248","639259388566110000"
"C:\Minecraft\HORIZONS_CHUNK_SERVER\Server\world_vacio\region\r.-1.-1.mca","2498560","639259388599130000"
"C:\Minecraft\HORIZONS_CHUNK_SERVER\Server\world_vacio\region\r.-1.0.mca","2850816","639259388588130000"
"C:\Minecraft\HORIZONS_CHUNK_SERVER\Server\world_vacio\region\r.0.-1.mca","2678784","639259388577130000"
"C:\Minecraft\HORIZONS_CHUNK_SERVER\Server\world_vacio\region\r.0.0.mca","2736128","639259388566130000"
